kode_prov,kode_kabkota,year,nama_prov,nama_kabkota,share_tahan,share_ringan,share_sedang,share_parah,share_rawan_total,share_rawan_moderate_severe,share_rawan_severe,n_tahan,n_ringan,n_sedang,n_parah,n_total,rank_rawan_moderate_severe,rank_rawan_total,rank_rawan_severe,rms_2024,rt_2024,rs_2024,delta_rms,delta_rt
11,1101,2025,Aceh,Kab Simeulue,0.7585,0.2058,0.0243,0.0114,0.2415,0.0358,0.0114,76156.477,20659.0288,2443.5336,1146.9605,100406.0,132,21,177,0.0312,0.102,0.0108,0.0,0.14
11,1102,2025,Aceh,Kab Aceh Singkil,0.906,0.061,0.0125,0.0205,0.094,0.033,0.0205,119431.8494,8046.8284,1649.3585,2698.9637,131827.0,149,138,100,0.0429,0.1195,0.0119,-0.01,-0.03
11,1103,2025,Aceh,Kab Aceh Selatan,0.9649,0.0236,0.0043,0.0072,0.0351,0.0115,0.0072,247756.5724,6055.3107,1110.9743,1853.1426,256776.0,350,380,259,0.0164,0.0312,0.0087,-0.0,0.0
11,1104,2025,Aceh,Kab Aceh Tenggara,0.8969,0.0804,0.0067,0.0161,0.1031,0.0228,0.0161,206467.4532,18501.2632,1531.4976,3709.786,230210.0,215,114,138,0.042,0.1987,0.0226,-0.02,-0.1
11,1105,2025,Aceh,Kab Aceh Timur,0.9538,0.03,0.0051,0.011,0.0462,0.0161,0.011,443058.5319,13947.4636,2380.3637,5112.6408,464499.0,283,314,188,0.0025,0.0131,0.0012,0.01,0.03
11,1106,2025,Aceh,Kab Aceh Tengah,0.9245,0.039,0.0149,0.0217,0.0755,0.0365,0.0217,208772.3139,8804.2164,3360.8612,4890.6085,225828.0,126,192,92,0.0243,0.0625,0.0218,0.01,0.01
11,1107,2025,Aceh,Kab Aceh Barat,0.9778,0.0176,0.0034,0.0013,0.0222,0.0047,0.0013,217965.371,3917.5169,749.2875,288.8246,222921.0,439,445,423,0.0,0.009,0.0,0.0,0.01
11,1108,2025,Aceh,Kab Aceh Besar,0.9102,0.0556,0.0123,0.0219,0.0898,0.0342,0.0219,411162.2266,25114.5705,5552.4269,9899.776,451729.0,141,149,89,0.0189,0.0336,0.0128,0.02,0.06
11,1109,2025,Aceh,Kab Pidie,0.9782,0.0093,0.01,0.0024,0.0218,0.0125,0.0024,461609.8124,4393.2685,4734.4256,1150.4934,471888.0,335,447,387,0.0041,0.0248,0.001,0.01,-0.0
11,1110,2025,Aceh,Kab Bireuen,0.9113,0.0603,0.0035,0.0249,0.0887,0.0284,0.0249,456574.025,30214.7284,1748.3629,12498.8837,501036.0,177,155,69,0.0275,0.093,0.0145,0.0,-0.0
11,1111,2025,Aceh,Kab Aceh Utara,0.9718,0.0188,0.0018,0.0076,0.0282,0.0094,0.0076,636169.2653,12313.4083,1146.3693,4985.9571,654615.0,382,417,249,0.0274,0.0571,0.0162,-0.02,-0.03
11,1112,2025,Aceh,Kab Aceh Barat Daya,0.9686,0.011,0.0061,0.0143,0.0314,0.0203,0.0143,156341.7609,1778.7571,977.3258,2307.1562,161405.0,244,406,155,0.0048,0.0173,0.0036,0.02,0.01
11,1113,2025,Aceh,Kab Gayo Lues,0.988,0.0084,0.0012,0.0024,0.012,0.0036,0.0024,97771.4126,827.3907,122.4417,234.755,98956.0,453,486,387,0.006,0.0204,0.0059,-0.0,-0.01
11,1114,2025,Aceh,Kab Aceh Tamiang,0.9633,0.0216,0.007,0.0081,0.0367,0.0151,0.0081,301724.7541,6768.0441,2182.9079,2534.294,313210.0,298,369,240,0.0167,0.0584,0.0139,-0.0,-0.02
11,1115,2025,Aceh,Kab Nagan Raya,0.9899,0.0101,0.0,0.0,0.0101,0.0,0.0,174823.02,1785.98,0.0,0.0,176609.0,507,489,492,0.0,0.0,0.0,0.0,0.01
11,1116,2025,Aceh,Kab Aceh Jaya,0.911,0.0813,0.0041,0.0036,0.089,0.0077,0.0036,92258.7348,8228.5994,414.2511,368.4148,101270.0,406,153,353,0.0129,0.0722,0.004,-0.01,0.02
11,1117,2025,Aceh,Kab Bener Meriah,0.9734,0.0061,0.0181,0.0024,0.0266,0.0205,0.0024,153729.0046,957.512,2854.0243,382.459,157923.0,241,423,387,0.0146,0.0215,0.0146,0.01,0.01
11,1118,2025,Aceh,Kab Pidie Jaya,0.9523,0.0342,0.0011,0.0124,0.0477,0.0135,0.0124,163180.2366,5864.5001,194.3358,2122.9275,171362.0,321,302,169,0.016,0.0471,0.0092,-0.0,0.0
11,1171,2025,Aceh,Kota Banda Aceh,0.951,0.0396,0.0047,0.0046,0.049,0.0093,0.0046,276618.7771,11530.9858,1368.4109,1338.8262,290857.0,385,295,330,0.0256,0.0624,0.0036,-0.02,-0.01
11,1172,2025,Aceh,Kota Sabang,0.9769,0.0193,0.0003,0.0035,0.0231,0.0038,0.0035,34855.2434,687.4996,11.2236,126.0334,35680.0,450,439,355,0.0056,0.0064,0.0056,-0.0,0.02
11,1173,2025,Aceh,Kota Langsa,0.9251,0.0388,0.0126,0.0235,0.0749,0.0361,0.0235,175368.2082,7360.8737,2395.3956,4445.5225,189570.0,130,195,77,0.0293,0.0537,0.0136,0.01,0.02
11,1174,2025,Aceh,Kota Lhokseumawe,0.929,0.0315,0.033,0.0065,0.071,0.0395,0.0065,205148.5421,6957.4774,7290.9991,1436.9814,220834.0,115,211,279,0.0247,0.1057,0.0164,0.01,-0.03
11,1175,2025,Aceh,Kota Subulussalam,0.9676,0.0214,0.0064,0.0047,0.0324,0.011,0.0047,83342.3323,1839.7347,547.3829,403.55,86133.0,358,399,326,0.0259,0.0648,0.0062,-0.01,-0.03
12,1201,2025,Sumatera Utara,Kab Nias,0.944,0.017,0.0161,0.023,0.056,0.039,0.023,138117.261,2492.1294,2348.5525,3358.0571,146316.0,119,267,81,0.0443,0.1286,0.0205,-0.01,-0.07
12,1202,2025,Sumatera Utara,Kab Mandailing Natal,0.9309,0.05,0.0039,0.0151,0.0691,0.019,0.0151,437115.2593,23483.7736,1831.0845,7110.8826,469541.0,257,219,145,0.0166,0.0546,0.0092,0.0,0.01
12,1203,2025,Sumatera Utara,Kab Tapanuli Selatan,0.974,0.0219,0.0018,0.0023,0.026,0.004,0.0023,280897.5983,6325.607,516.7334,650.0613,288390.0,447,427,392,0.0254,0.0575,0.008,-0.02,-0.03
12,1204,2025,Sumatera Utara,Kab Tapanuli Tengah,0.8662,0.0962,0.0169,0.0207,0.1338,0.0376,0.0207,367305.5136,40789.2115,7161.0484,8775.2265,424031.0,123,69,98,0.03,0.1037,0.0189,0.01,0.03
12,1205,2025,Sumatera Utara,Kab Tapanuli Utara,0.9651,0.0258,0.0032,0.0059,0.0349,0.0091,0.0059,301105.2885,8048.8938,1008.5754,1828.2423,311991.0,387,382,292,0.0014,0.027,0.0,0.01,0.01
12,1206,2025,Sumatera Utara,Kab Toba,0.9338,0.0439,0.0078,0.0145,0.0662,0.0224,0.0145,174365.3669,8189.9672,1459.5624,2715.1035,186730.0,221,227,152,0.0139,0.0219,0.0087,0.01,0.04
12,1207,2025,Sumatera Utara,Kab Labuhanbatu,0.8367,0.139,0.0078,0.0165,0.1633,0.0244,0.0165,459788.4951,76363.4939,4307.5083,9089.5027,549549.0,200,47,135,0.032,0.1102,0.0003,-0.01,0.05
12,1208,2025,Sumatera Utara,Kab Asahan,0.9264,0.0465,0.0165,0.0107,0.0736,0.0272,0.0107,703890.7651,35315.617,12505.7014,8138.9164,759851.0,181,200,195,0.0171,0.0635,0.0082,0.01,0.01
12,1209,2025,Sumatera Utara,Kab Simalungun,0.9006,0.0864,0.0129,0.0,0.0994,0.0129,0.0,796148.3111,76403.8655,11428.8233,0.0,883981.0,329,125,492,0.0117,0.0551,0.0031,0.0,0.04
12,1210,2025,Sumatera Utara,Kab Dairi,0.9122,0.068,0.0193,0.0005,0.0878,0.0198,0.0005,262250.4201,19551.5049,5542.6769,142.3982,287487.0,249,158,449,0.0238,0.0422,0.0091,-0.0,0.05
12,1211,2025,Sumatera Utara,Kab Karo,0.9643,0.0296,0.006,0.0001,0.0357,0.0061,0.0001,443914.0667,13606.7544,2782.6116,24.5672,460328.0,426,375,466,0.0087,0.0175,0.0013,-0.0,0.02
12,1212,2025,Sumatera Utara,Kab Deli Serdang,0.9042,0.0528,0.0146,0.0285,0.0958,0.0431,0.0285,2255722.9474,131658.6949,36357.5656,71102.7922,2494842.0,100,132,57,0.0225,0.07,0.0151,0.02,0.03
12,1213,2025,Sumatera Utara,Kab Langkat,0.9363,0.0518,0.0068,0.0051,0.0637,0.0119,0.0051,1003300.9066,55533.4493,7307.9119,5455.7322,1071598.0,343,236,315,0.0381,0.0964,0.0084,-0.03,-0.03
12,1214,2025,Sumatera Utara,Kab Nias Selatan,0.8325,0.085,0.0321,0.0504,0.1675,0.0825,0.0504,279663.9624,28550.6661,10766.76,16940.6114,335922.0,31,45,14,0.1153,0.211,0.0593,-0.03,-0.04
12,1215,2025,Sumatera Utara,Kab Humbang Hasundutan,0.9499,0.0197,0.0011,0.0293,0.0501,0.0304,0.0293,190072.8432,3933.1043,214.0863,5870.9662,200091.0,160,291,53,0.006,0.0178,0.006,0.02,0.03
12,1216,2025,Sumatera Utara,Kab Pakpak Bharat,0.953,0.0381,0.0019,0.007,0.047,0.0089,0.007,52536.1832,2098.9282,107.2176,384.6711,55127.0,390,305,262,0.0028,0.0566,0.0001,0.01,-0.01
12,1217,2025,Sumatera Utara,Kab Samosir,0.8805,0.1099,0.0088,0.0008,0.1195,0.0096,0.0008,112607.8623,14052.092,1123.6318,100.4139,127884.0,379,87,441,0.0089,0.0625,0.0007,0.0,0.06
12,1218,2025,Sumatera Utara,Kab Serdang Bedagai,0.9457,0.0446,0.0031,0.0066,0.0543,0.0097,0.0066,583655.6024,27519.6687,1896.2708,4090.4581,617162.0,376,273,276,0.0128,0.0768,0.0082,-0.0,-0.02
12,1219,2025,Sumatera Utara,Kab Batu Bara,0.9157,0.048,0.0119,0.0245,0.0843,0.0363,0.0245,401514.5933,21030.47,5209.118,10722.8187,438477.0,129,164,71,0.0088,0.054,0.0063,0.03,0.03
12,1220,2025,Sumatera Utara,Kab Padang Lawas Utara,0.9939,0.0061,0.0,0.0,0.0061,0.0,0.0,306765.3635,1896.6365,0.0,0.0,308662.0,507,498,492,0.011,0.0316,0.011,-0.01,-0.03
12,1221,2025,Sumatera Utara,Kab Padang Lawas,0.9626,0.034,0.0,0.0034,0.0374,0.0034,0.0034,311566.7106,11000.544,0.0,1108.7454,323676.0,457,365,358,0.0125,0.0202,0.0125,-0.01,0.02
12,1222,2025,Sumatera Utara,Kab Labuhanbatu Selatan,0.9821,0.0117,0.0053,0.0009,0.0179,0.0062,0.0009,377285.4296,4503.3518,2027.9359,336.2827,384153.0,425,465,436,0.0011,0.0149,0.0005,0.01,0.0
12,1223,2025,Sumatera Utara,Kab Labuhanbatu Utara,0.8945,0.076,0.0197,0.0099,0.1055,0.0295,0.0099,340777.2791,28933.7317,7489.7074,3756.2817,380957.0,167,108,205,0.0372,0.1136,0.0126,-0.01,-0.01
12,1224,2025,Sumatera Utara,Kab Nias Utara,0.8498,0.1,0.0447,0.0055,0.1502,0.0502,0.0055,121196.1647,14265.9768,6378.9221,781.9363,142623.0,77,55,307,0.0197,0.1331,0.0,0.03,0.02
12,1225,2025,Sumatera Utara,Kab Nias Barat,0.6219,0.2167,0.0881,0.0733,0.3781,0.1614,0.0733,51575.3306,17972.2317,7309.8968,6078.5409,82936.0,4,3,5,0.1084,0.2821,0.0363,0.05,0.1
12,1271,2025,Sumatera Utara,Kota Sibolga,0.9829,0.0138,0.0007,0.0026,0.0171,0.0033,0.0026,86236.1435,1206.7707,64.0292,229.0565,87736.0,459,469,379,0.0041,0.0094,0.0,-0.0,0.01
12,1272,2025,Sumatera Utara,Kota Tanjung Balai,0.9582,0.0264,0.0154,0.0,0.0418,0.0154,0.0,179739.1087,4952.4865,2897.4048,0.0,187589.0,292,338,492,0.0035,0.0289,0.0035,0.01,0.01
12,1273,2025,Sumatera Utara,Kota Pematangsiantar,0.9286,0.057,0.0063,0.0081,0.0714,0.0144,0.0081,245938.5001,15086.985,1663.0417,2152.4732,264841.0,308,209,240,0.0627,0.0874,0.0181,-0.05,-0.02
12,1274,2025,Sumatera Utara,Kota Tebing Tinggi,0.9462,0.0411,0.011,0.0017,0.0538,0.0127,0.0017,166201.963,7214.2435,1931.8184,301.9752,175650.0,333,275,408,0.0224,0.0522,0.014,-0.01,0.0
12,1275,2025,Sumatera Utara,Kota Medan,0.9386,0.0466,0.0059,0.0089,0.0614,0.0148,0.0089,2220548.6892,110352.0692,13941.2556,20974.9861,2365817.0,304,245,221,0.0093,0.0336,0.0023,0.01,0.03
12,1276,2025,Sumatera Utara,Kota Binjai,0.9048,0.0714,0.0146,0.0092,0.0952,0.0238,0.0092,266381.5006,21023.0641,4305.9923,2710.443,294421.0,204,135,216,0.0291,0.1178,0.0088,-0.01,-0.02
12,1277,2025,Sumatera Utara,Kota Padang Sidempuan,0.9554,0.0296,0.0149,0.0,0.0446,0.0149,0.0,231027.3429,7158.3805,3614.2766,0.0,241800.0,302,323,492,0.0101,0.0223,0.0,0.0,0.02
12,1278,2025,Sumatera Utara,Kota Gunungsitoli,0.7607,0.1389,0.0671,0.0333,0.2393,0.1004,0.0333,115562.8961,21095.9749,10186.5656,5062.5635,151908.0,16,22,39,0.0812,0.2019,0.0182,0.02,0.04
13,1301,2025,Sumatera Barat,Kab Kepulauan Mentawai,0.8142,0.1255,0.0385,0.0218,0.1858,0.0603,0.0218,84660.1655,13054.3132,4001.9577,2263.5636,103980.0,63,38,91,0.0602,0.1905,0.0196,0.0,-0.0
13,1302,2025,Sumatera Barat,Kab Pesisir Selatan,0.8763,0.0827,0.0211,0.0199,0.1237,0.041,0.0199,424119.7878,40028.8632,10207.9332,9625.4159,483982.0,107,83,105,0.0189,0.0735,0.0041,0.02,0.05
13,1303,2025,Sumatera Barat,Kab Solok,0.948,0.0283,0.0045,0.0192,0.052,0.0237,0.0192,367096.5661,10977.5901,1732.9953,7441.8485,387249.0,206,283,110,0.018,0.0894,0.006,0.01,-0.04
13,1304,2025,Sumatera Barat,Kab Sijunjung,0.9456,0.0318,0.0197,0.003,0.0544,0.0226,0.003,248973.3847,8367.0909,5182.4735,777.0508,263300.0,218,271,369,0.0092,0.0402,0.0001,0.01,0.01
13,1305,2025,Sumatera Barat,Kab Tanah Datar,0.9639,0.0136,0.0107,0.0118,0.0361,0.0225,0.0118,337935.1842,4753.2611,3757.5306,4134.0241,350580.0,219,374,173,0.0043,0.05,0.0003,0.02,-0.01
13,1306,2025,Sumatera Barat,Kab Padang Pariaman,0.9183,0.0717,0.0088,0.0012,0.0817,0.01,0.0012,393413.9877,30713.9824,3749.4354,527.5945,428405.0,371,172,427,0.0221,0.0719,0.0106,-0.01,0.01
13,1307,2025,Sumatera Barat,Kab Agam,0.8946,0.0548,0.0299,0.0207,0.1054,0.0506,0.0207,458416.0056,28080.2866,15298.1382,10625.5695,512420.0,76,109,98,0.0212,0.1079,0.0085,0.03,-0.0
13,1308,2025,Sumatera Barat,Kab Lima Puluh Kota,0.9862,0.0135,0.0002,0.0001,0.0138,0.0003,0.0001,398128.914,5443.5546,75.2834,36.248,403684.0,496,477,466,0.0118,0.022,0.003,-0.01,-0.01
13,1309,2025,Sumatera Barat,Kab Pasaman,0.9355,0.0598,0.0046,0.0,0.0645,0.0046,0.0,279906.9417,17905.2129,1382.8454,0.0,299195.0,441,233,492,0.0152,0.0699,0.0013,-0.01,-0.01
13,1310,2025,Sumatera Barat,Kab Solok Selatan,0.89,0.0774,0.021,0.0116,0.11,0.0326,0.0116,169793.5571,14772.358,3997.2221,2214.8628,190778.0,150,97,175,0.0389,0.1002,0.0244,-0.01,0.01
13,1311,2025,Sumatera Barat,Kab Dharmasraya,0.9682,0.0304,0.0006,0.0007,0.0318,0.0014,0.0007,284337.4798,8921.1812,190.6379,212.7011,293662.0,485,405,445,0.0066,0.0356,0.0,-0.01,-0.0
13,1312,2025,Sumatera Barat,Kab Pasaman Barat,0.8985,0.0623,0.028,0.0112,0.1015,0.0392,0.0112,452236.5078,31348.261,14099.1772,5630.054,503314.0,116,119,181,0.0232,0.089,0.0117,0.02,0.01
13,1371,2025,Sumatera Barat,Kota Padang,0.7988,0.0948,0.0841,0.0222,0.2012,0.1064,0.0222,823569.5372,97751.9051,86726.4346,22931.123,1030979.0,14,31,87,0.0286,0.0649,0.0132,0.08,0.14
13,1372,2025,Sumatera Barat,Kota Solok,0.9506,0.0352,0.0067,0.0075,0.0494,0.0141,0.0075,75540.2781,2800.3921,530.9726,593.3572,79465.0,313,293,251,0.0353,0.0633,0.0054,-0.02,-0.01
13,1373,2025,Sumatera Barat,Kota Sawahlunto,0.8923,0.063,0.0177,0.027,0.1077,0.0446,0.027,58766.6279,4150.8602,1164.8765,1775.6355,65858.0,93,102,59,0.0292,0.0345,0.0074,0.02,0.07
13,1374,2025,Sumatera Barat,Kota Padang Panjang,0.8711,0.1117,0.0125,0.0047,0.1289,0.0172,0.0047,50783.3356,6511.5653,728.0011,276.0981,58299.0,274,75,326,0.0268,0.0543,0.0054,-0.01,0.07
13,1375,2025,Sumatera Barat,Kota Bukittinggi,0.9382,0.038,0.0188,0.0049,0.0618,0.0238,0.0049,135742.4285,5499.5535,2726.3684,712.6496,144681.0,204,244,319,0.0302,0.0918,0.0201,-0.01,-0.03
13,1376,2025,Sumatera Barat,Kota Payakumbuh,0.9144,0.0628,0.0166,0.0062,0.0856,0.0228,0.0062,136179.8478,9345.8601,2468.3991,926.8929,148921.0,215,163,284,0.0129,0.0273,0.0049,0.01,0.06
13,1377,2025,Sumatera Barat,Kota Pariaman,0.9485,0.0474,0.0034,0.0006,0.0515,0.0041,0.0006,89957.0319,4494.9294,326.4571,59.5816,94838.0,445,287,447,0.0469,0.1171,0.0008,-0.04,-0.07
14,1401,2025,Riau,Kab Kuantan Singingi,0.975,0.0158,0.0085,0.0008,0.025,0.0093,0.0008,316216.364,5116.9558,2745.5413,262.1388,324341.0,385,432,441,0.0048,0.0172,0.0006,0.0,0.01
14,1402,2025,Riau,Kab Indragiri Hulu,0.9621,0.0281,0.0059,0.004,0.0379,0.0099,0.004,443785.6572,12947.8931,2712.4955,1832.9541,461279.0,374,359,345,0.014,0.0428,0.0061,-0.0,-0.0
14,1403,2025,Riau,Kab Indragiri Hilir,0.8919,0.0675,0.0208,0.0199,0.1081,0.0406,0.0199,647612.2811,48974.7674,15066.8183,14417.1332,726071.0,110,100,105,0.0545,0.1394,0.0418,-0.01,-0.03
14,1404,2025,Riau,Kab Pelalawan,0.9607,0.0223,0.0092,0.0078,0.0393,0.0169,0.0078,577488.7509,13425.4411,5520.6581,4664.1498,601099.0,278,350,245,0.0132,0.0335,0.0113,0.0,0.01
14,1405,2025,Riau,Kab Siak,0.9056,0.0486,0.0271,0.0188,0.0944,0.0458,0.0188,483646.2943,25941.6713,14447.2491,10031.7853,534067.0,89,137,116,0.0053,0.0291,0.0019,0.04,0.07
14,1406,2025,Riau,Kab Kampar,0.9119,0.0441,0.0332,0.0108,0.0881,0.044,0.0108,850794.7424,41117.7227,30980.2106,10089.3242,932982.0,97,157,192,0.0054,0.0417,0.0021,0.04,0.05
14,1407,2025,Riau,Kab Rokan Hulu,0.9663,0.022,0.0019,0.0098,0.0337,0.0118,0.0098,783354.347,17798.9348,1568.0726,7961.6455,810683.0,346,387,208,0.0012,0.0037,0.0002,0.01,0.03
14,1408,2025,Riau,Kab Bengkalis,0.9544,0.0264,0.0105,0.0087,0.0456,0.0192,0.0087,550713.8013,15233.0866,6057.7341,5022.3781,577027.0,256,318,225,0.0093,0.0513,0.0077,0.01,-0.01
14,1409,2025,Riau,Kab Rokan Hilir,0.9286,0.0338,0.0192,0.0184,0.0714,0.0376,0.0184,719628.2329,26227.9604,14882.0131,14262.7936,775001.0,123,209,118,0.0582,0.0949,0.0288,-0.02,-0.02
14,1410,2025,Riau,Kab Kepulauan Meranti,0.929,0.0487,0.0097,0.0125,0.071,0.0223,0.0125,178545.5873,9359.7284,1868.0659,2410.6184,192184.0,224,211,167,0.0116,0.1218,0.0034,0.01,-0.05
14,1471,2025,Riau,Kota Pekanbaru,0.8798,0.0997,0.008,0.0125,0.1202,0.0205,0.0125,1081611.2479,122617.7222,9812.984,15341.046,1229383.0,241,86,167,0.0471,0.0968,0.0137,-0.03,0.02
14,1473,2025,Riau,Kota Dumai,0.95,0.0303,0.0122,0.0074,0.05,0.0196,0.0074,306149.745,9775.2077,3942.0193,2382.028,322249.0,253,292,254,0.0152,0.0472,0.0047,0.0,0.0
15,1501,2025,Jambi,Kab Kerinci,0.9111,0.0596,0.0195,0.0098,0.0889,0.0293,0.0098,222597.6744,14555.0981,4761.2361,2396.9914,244311.0,170,154,208,0.0092,0.0339,0.0083,0.02,0.06
15,1502,2025,Jambi,Kab Merangin,0.8853,0.0706,0.0365,0.0076,0.1147,0.0441,0.0076,355262.9023,28349.5946,14645.1303,3048.3728,401306.0,96,91,249,0.0402,0.0632,0.0076,0.0,0.05
15,1503,2025,Jambi,Kab Sarolangun,0.9625,0.0202,0.0106,0.0067,0.0375,0.0173,0.0067,309270.2538,6493.0677,3421.4215,2151.257,321336.0,272,363,272,0.0117,0.0375,0.0061,0.01,0.0
15,1504,2025,Jambi,Kab Batanghari,0.9411,0.0316,0.0199,0.0075,0.0589,0.0274,0.0075,259640.9923,8705.2472,5500.1139,2055.6467,275902.0,180,257,251,0.0103,0.0233,0.0066,0.02,0.04
15,1505,2025,Jambi,Kab Muaro Jambi,0.8979,0.0734,0.0181,0.0106,0.1021,0.0287,0.0106,437866.6982,35781.4395,8848.7152,5155.1472,487652.0,174,118,198,0.027,0.0573,0.016,0.0,0.04
15,1506,2025,Jambi,Kab Tanjung Jabung Timur,0.9617,0.0094,0.005,0.0239,0.0383,0.0289,0.0239,207913.4495,2038.9921,1079.3238,5170.2346,216202.0,172,353,74,0.0268,0.0704,0.0151,0.0,-0.03
15,1507,2025,Jambi,Kab Tanjung Jabung Barat,0.9662,0.0301,0.0024,0.0012,0.0338,0.0036,0.0012,338520.6225,10552.8311,838.9972,432.5491,350345.0,453,386,427,0.0166,0.0715,0.0046,-0.01,-0.04
15,1508,2025,Jambi,Kab Tebo,0.9782,0.0149,0.0052,0.0017,0.0218,0.0069,0.0017,362258.634,5503.1347,1929.5885,628.6427,370320.0,415,447,408,0.0124,0.0343,0.0079,-0.01,-0.01
15,1509,2025,Jambi,Kab Bungo,0.9448,0.0255,0.0082,0.0215,0.0552,0.0297,0.0215,378908.8845,10209.7196,3288.0649,8639.3309,401046.0,165,268,95,0.0142,0.0329,0.003,0.02,0.02
15,1571,2025,Jambi,Kota Jambi,0.9516,0.0231,0.0143,0.0111,0.0484,0.0253,0.0111,583830.9858,14157.8667,8760.0266,6791.1209,613540.0,190,299,185,0.0318,0.0391,0.0126,-0.01,0.01
15,1572,2025,Jambi,Kota Sungai Penuh,0.9281,0.0327,0.0351,0.0041,0.0719,0.0392,0.0041,82413.6231,2899.4848,3117.3653,363.5268,88794.0,116,205,342,0.0308,0.0742,0.0109,0.01,-0.0
16,1601,2025,Sumatera Selatan,Kab Ogan Komering Ulu,0.9638,0.0362,0.0001,0.0,0.0362,0.0001,0.0,378542.2431,14201.1163,34.6406,0.0,392778.0,498,372,492,0.0065,0.0494,0.0033,-0.01,-0.01
16,1602,2025,Sumatera Selatan,Kab Ogan Komering Ilir,0.9393,0.0424,0.0053,0.0129,0.0607,0.0183,0.0129,835314.8851,37747.1051,4755.1158,11475.894,889293.0,266,247,163,0.0225,0.0969,0.0054,-0.0,-0.04
16,1603,2025,Sumatera Selatan,Kab Muara Enim,0.9556,0.0379,0.0032,0.0033,0.0444,0.0065,0.0033,655566.0091,25988.5329,2182.9919,2255.4661,685993.0,420,324,361,0.0071,0.0257,0.0059,-0.0,0.02
16,1604,2025,Sumatera Selatan,Kab Lahat,0.9679,0.024,0.0023,0.0058,0.0321,0.0081,0.0058,414692.9098,10294.7699,975.0023,2504.318,428467.0,402,402,297,0.0088,0.0245,0.0079,-0.0,0.01
16,1605,2025,Sumatera Selatan,Kab Musi Rawas,0.9863,0.0095,0.0,0.0042,0.0137,0.0042,0.0042,425636.1157,4105.7664,0.0,1808.1179,431550.0,443,478,339,0.0017,0.0234,0.0011,0.0,-0.01
16,1606,2025,Sumatera Selatan,Kab Musi Banyuasin,0.9329,0.0517,0.0145,0.0009,0.0671,0.0154,0.0009,651325.3107,36105.9126,10099.2956,645.4811,698176.0,292,223,436,0.0309,0.0655,0.0197,-0.02,0.0
16,1607,2025,Sumatera Selatan,Kab Banyuasin,0.9518,0.0222,0.0189,0.0071,0.0482,0.026,0.0071,871132.5394,20289.4458,17289.121,6535.8938,915247.0,186,300,260,0.0143,0.0606,0.0061,0.01,-0.01
16,1608,2025,Sumatera Selatan,Kab Ogan Komering Ulu Selatan,0.9487,0.037,0.0064,0.0079,0.0513,0.0143,0.0079,367216.0828,14310.0383,2494.444,3055.4349,387076.0,311,288,244,0.0184,0.0463,0.0089,-0.0,0.0
16,1609,2025,Sumatera Selatan,Kab Ogan Komering Ulu Timur,0.9438,0.032,0.0228,0.0015,0.0562,0.0242,0.0015,670205.9466,22716.9458,16168.6054,1034.5023,710126.0,201,265,417,0.0128,0.0419,0.0,0.01,0.01
16,1610,2025,Sumatera Selatan,Kab Ogan Ilir,0.9162,0.0284,0.0086,0.0468,0.0838,0.0554,0.0468,416895.7013,12919.4283,3916.7974,21310.0731,455042.0,69,166,21,0.0325,0.0862,0.0181,0.02,-0.0
16,1611,2025,Sumatera Selatan,Kab Empat Lawang,0.9476,0.0371,0.013,0.0022,0.0524,0.0153,0.0022,252039.8901,9868.4005,3465.8098,596.8996,265971.0,294,279,395,0.0179,0.0528,0.0082,-0.0,-0.0
16,1612,2025,Sumatera Selatan,Kab Penukal Abab Lematang Ilir,0.9492,0.0398,0.0,0.011,0.0508,0.011,0.011,193264.7859,8100.9166,5.9455,2241.3521,203613.0,358,290,188,0.0365,0.0908,0.0178,-0.03,-0.04
16,1613,2025,Sumatera Selatan,Kab Musi Rawas Utara,0.9584,0.0334,0.0,0.0083,0.0416,0.0083,0.0083,196377.9891,6834.8057,0.0,1691.2052,204904.0,399,342,232,0.0825,0.1047,0.0703,-0.07,-0.06
16,1671,2025,Sumatera Selatan,Kota Palembang,0.9237,0.0551,0.007,0.0142,0.0763,0.0212,0.0142,1658457.1823,98880.2634,12646.5717,25442.9826,1795427.0,232,190,156,0.0139,0.0438,0.0052,0.01,0.03
16,1672,2025,Sumatera Selatan,Kota Prabumulih,0.9482,0.0292,0.0121,0.0106,0.0518,0.0227,0.0106,193313.6229,5945.6627,2461.3563,2161.3581,203882.0,217,285,198,0.0157,0.0525,0.0069,0.01,-0.0
16,1673,2025,Sumatera Selatan,Kota Pagar Alam,0.9822,0.0114,0.0003,0.0061,0.0178,0.0064,0.0061,142833.162,1654.1635,49.1734,884.5011,145421.0,422,467,286,0.0036,0.0146,0.0,0.0,0.0
16,1674,2025,Sumatera Selatan,Kota Lubuk Linggau,0.9183,0.0519,0.0121,0.0176,0.0817,0.0298,0.0176,230601.0941,13034.3637,3050.9889,4429.5532,251116.0,164,172,125,0.0198,0.0403,0.0068,0.01,0.04
17,1701,2025,Bengkulu,Kab Bengkulu Selatan,0.9416,0.0488,0.0028,0.0068,0.0584,0.0096,0.0068,178548.9741,9253.897,538.4058,1289.723,189631.0,379,261,269,0.0,0.0313,0.0,0.01,0.03
17,1702,2025,Bengkulu,Kab Rejang Lebong,0.9646,0.0182,0.0161,0.0011,0.0354,0.0172,0.0011,273263.1867,5160.7063,4568.9051,309.2019,283302.0,274,377,429,0.0107,0.0381,0.0056,0.01,-0.0
17,1703,2025,Bengkulu,Kab Bengkulu Utara,0.9362,0.0343,0.0193,0.0102,0.0638,0.0295,0.0102,297343.7577,10883.9997,6135.2628,3244.9799,317608.0,167,235,202,0.0077,0.0244,0.0011,0.02,0.04
17,1704,2025,Bengkulu,Kab Kaur,0.9751,0.0152,0.0025,0.0071,0.0249,0.0096,0.0071,124853.5807,1950.1841,325.9304,909.3047,128039.0,379,433,260,0.0181,0.0224,0.0124,-0.01,0.0
17,1705,2025,Bengkulu,Kab Seluma,0.9224,0.0484,0.0236,0.0056,0.0776,0.0292,0.0056,189327.4527,9934.3534,4851.1555,1149.0384,205262.0,171,184,304,0.0071,0.0487,0.0032,0.02,0.03
17,1706,2025,Bengkulu,Kab Muko Muko,0.9769,0.0145,0.0003,0.0083,0.0231,0.0086,0.0083,191127.2292,2835.3086,63.8218,1616.6405,195643.0,394,439,232,0.0085,0.0318,0.0017,0.0,-0.01
17,1707,2025,Bengkulu,Kab Lebong,0.9484,0.0483,0.0033,0.0,0.0516,0.0033,0.0,114490.7737,5824.6723,401.554,0.0,120717.0,459,286,492,0.0077,0.0647,0.0011,-0.0,-0.01
17,1708,2025,Bengkulu,Kab Kepahiang,0.9567,0.0428,0.0002,0.0003,0.0433,0.0005,0.0003,140103.9354,6261.0926,31.8474,42.1246,146439.0,493,330,456,0.0189,0.0295,0.006,-0.02,0.01
17,1709,2025,Bengkulu,Kab Bengkulu Tengah,0.9217,0.0514,0.0148,0.0121,0.0783,0.0269,0.0121,109796.5306,6119.696,1765.4822,1439.2912,119121.0,182,183,170,0.0084,0.0626,0.0084,0.02,0.02
17,1771,2025,Bengkulu,Kota Bengkulu,0.9568,0.0333,0.0062,0.0037,0.0432,0.0099,0.0037,371261.78,12912.2319,2412.8109,1440.1772,388027.0,374,331,352,0.0097,0.0482,0.0034,0.0,-0.0
18,1801,2025,Lampung,Kab Lampung Barat,0.9771,0.0177,0.0051,0.0001,0.0229,0.0052,0.0001,307327.2107,5562.1361,1607.3572,17.2961,314514.0,434,442,466,0.0036,0.0291,0.0036,0.0,-0.01
18,1802,2025,Lampung,Kab Tanggamus,0.9088,0.0735,0.0138,0.0039,0.0912,0.0177,0.0039,571846.2019,46245.6655,8674.9282,2444.2043,629211.0,271,144,347,0.0218,0.0465,0.0144,-0.0,0.04
18,1803,2025,Lampung,Kab Lampung Selatan,0.9364,0.026,0.0148,0.0228,0.0636,0.0376,0.0228,992782.2843,27550.8713,15692.2898,24168.5547,1060194.0,123,237,83,0.0077,0.021,0.0056,0.03,0.04
18,1804,2025,Lampung,Kab Lampung Timur,0.9592,0.0281,0.0021,0.0106,0.0408,0.0128,0.0106,1043288.4879,30514.3914,2298.2972,11578.8234,1087680.0,332,345,198,0.0134,0.0412,0.0059,-0.0,-0.0
18,1805,2025,Lampung,Kab Lampung Tengah,0.9128,0.057,0.0124,0.0178,0.0872,0.0303,0.0178,1216041.8684,75885.4145,16561.0662,23771.651,1332260.0,162,159,123,0.0096,0.0406,0.0053,0.02,0.05
18,1806,2025,Lampung,Kab Lampung Utara,0.926,0.0477,0.0181,0.0082,0.074,0.0263,0.0082,580731.8322,29924.5826,11343.8986,5166.6866,627167.0,185,199,236,0.0401,0.0732,0.0151,-0.01,0.0
18,1807,2025,Lampung,Kab Way Kanan,0.8929,0.0816,0.0191,0.0065,0.1071,0.0255,0.0065,421325.5656,38502.8969,8990.8418,3050.6957,471870.0,189,104,279,0.012,0.0491,0.0093,0.01,0.06
18,1808,2025,Lampung,Kab Tulang Bawang,0.9402,0.0292,0.0198,0.0107,0.0598,0.0306,0.0107,450893.5167,13996.6153,9518.0233,5141.8447,479550.0,157,250,195,0.0117,0.056,0.0072,0.02,0.0
18,1809,2025,Lampung,Kab Pesawaran,0.8729,0.0965,0.0225,0.0081,0.1271,0.0306,0.0081,407873.0982,45094.8771,10492.6878,3795.3369,467256.0,157,78,240,0.0245,0.1003,0.007,0.01,0.03
18,1810,2025,Lampung,Kab Pringsewu,0.9197,0.069,0.0021,0.0092,0.0803,0.0113,0.0092,382851.8779,28731.2363,861.8477,3826.0381,416271.0,353,177,216,0.0152,0.0567,0.0101,-0.0,0.02
18,1811,2025,Lampung,Kab Mesuji,0.9618,0.0143,0.0094,0.0145,0.0382,0.0239,0.0145,197253.6303,2933.006,1926.1662,2979.1975,205092.0,202,355,152,0.027,0.0859,0.0258,-0.0,-0.05
18,1812,2025,Lampung,Kab Tulang Bawang Barat,0.9815,0.0157,0.0012,0.0016,0.0185,0.0028,0.0016,277949.8424,4454.7674,347.1155,446.2747,283198.0,464,462,413,0.0082,0.0367,0.003,-0.01,-0.02
18,1813,2025,Lampung,Kab Pesisir Barat,0.9253,0.064,0.0107,0.0,0.0747,0.0107,0.0,148759.091,10292.0379,1716.8711,0.0,160768.0,366,197,492,0.0504,0.1402,0.0133,-0.04,-0.07
18,1871,2025,Lampung,Kota Bandar Lampung,0.8165,0.1217,0.0382,0.0235,0.1835,0.0617,0.0235,942349.9799,140488.1568,44070.0686,27156.7948,1154065.0,61,40,77,0.0664,0.1435,0.041,-0.0,0.04
18,1872,2025,Lampung,Kota Metro,0.9649,0.0291,0.0003,0.0058,0.0351,0.006,0.0058,173537.0003,5228.3392,47.8802,1036.7803,179850.0,428,380,297,0.004,0.0202,0.004,0.0,0.01
19,1901,2025,Kepulauan Bangka Belitung,Kab Bangka,0.9673,0.0248,0.0078,0.0001,0.0327,0.0079,0.0001,340724.7877,8726.5985,2754.5549,19.0589,352225.0,404,394,466,0.0037,0.0269,0.0013,0.0,0.01
19,1902,2025,Kepulauan Bangka Belitung,Kab Belitung,0.9794,0.0179,0.0001,0.0026,0.0206,0.0027,0.0026,194076.0555,3537.72,20.4661,514.7584,198149.0,466,454,379,0.0065,0.0087,0.0064,-0.0,0.01
19,1903,2025,Kepulauan Bangka Belitung,Kab Bangka Barat,0.9738,0.0261,0.0001,0.0,0.0262,0.0001,0.0,216961.5716,5809.4728,16.9556,0.0,222788.0,498,425,492,0.0,0.0332,0.0,0.0,-0.01
19,1904,2025,Kepulauan Bangka Belitung,Kab Bangka Tengah,0.9471,0.0421,0.0082,0.0026,0.0529,0.0107,0.0026,193883.1739,8625.9973,1670.4285,527.4002,204707.0,366,278,379,0.001,0.0883,0.0,0.01,-0.04
19,1905,2025,Kepulauan Bangka Belitung,Kab Bangka Selatan,0.946,0.0288,0.0169,0.0083,0.054,0.0251,0.0083,207246.5326,6318.2903,3692.2839,1812.8931,219070.0,193,274,232,0.0184,0.0686,0.0016,0.01,-0.01
19,1906,2025,Kepulauan Bangka Belitung,Kab Belitung Timur,0.9398,0.0532,0.007,0.0,0.0602,0.007,0.0,126966.009,7182.0404,946.9506,0.0,135095.0,413,249,492,0.0022,0.0149,0.0,0.0,0.05
19,1971,2025,Kepulauan Bangka Belitung,Kota Pangkal Pinang,0.9477,0.0385,0.0027,0.0111,0.0523,0.0138,0.0111,210445.6674,8546.0371,601.0995,2465.1961,222058.0,315,280,185,0.0118,0.0387,0.0013,0.0,0.01
21,2101,2025,Kepulauan Riau,Kab Karimun,0.9853,0.0089,0.0059,0.0,0.0147,0.0059,0.0,239720.8763,2156.3853,1428.7384,0.0,243306.0,430,475,492,0.0228,0.0613,0.0039,-0.02,-0.05
21,2102,2025,Kepulauan Riau,Kab Bintan,0.9162,0.0252,0.0287,0.0298,0.0838,0.0585,0.0298,155667.6374,4289.2826,4883.8344,5058.2456,169899.0,64,166,50,0.0137,0.0317,0.0051,0.04,0.05
21,2103,2025,Kepulauan Riau,Kab Natuna,0.9543,0.0437,0.0011,0.0009,0.0457,0.002,0.0009,79649.4012,3646.8038,94.8315,73.9635,83465.0,476,317,436,0.0251,0.0527,0.0179,-0.02,-0.01
21,2104,2025,Kepulauan Riau,Kab Lingga,0.9782,0.0154,0.0063,0.0001,0.0218,0.0064,0.0001,88306.5146,1391.7337,567.5042,6.2474,90272.0,422,447,466,0.0084,0.0201,0.005,-0.0,0.0
21,2105,2025,Kepulauan Riau,Kab Kepulauan Anambas,0.9817,0.0098,0.0018,0.0066,0.0183,0.0085,0.0066,44182.9408,441.443,82.2026,298.4135,45005.0,396,463,276,0.0183,0.0351,0.0131,-0.01,-0.02
21,2171,2025,Kepulauan Riau,Kota Batam,0.9354,0.0474,0.0142,0.003,0.0646,0.0172,0.003,1670155.1178,84703.8863,25291.9951,5415.0008,1785566.0,274,231,369,0.015,0.044,0.0086,0.0,0.02
21,2172,2025,Kepulauan Riau,Kota Tanjung Pinang,0.9284,0.0319,0.0309,0.0088,0.0716,0.0397,0.0088,209877.8189,7218.0401,6994.3746,1983.7663,226074.0,112,206,223,0.0084,0.0422,0.0022,0.03,0.03
31,3101,2025,DKI Jakarta,Kab ADM Kep Seribu,0.9275,0.0342,0.0157,0.0226,0.0725,0.0383,0.0226,25145.6056,926.7683,425.264,612.3622,27110.0,121,203,85,0.0092,0.0178,0.0041,0.03,0.05
31,3171,2025,DKI Jakarta,Kota ADM Jakarta Selatan,0.9556,0.0402,0.0038,0.0004,0.0444,0.0042,0.0004,2241585.6077,94332.0309,8855.6682,1041.6932,2345815.0,443,324,452,0.0103,0.0385,0.0078,-0.01,0.01
31,3172,2025,DKI Jakarta,Kota ADM Jakarta Timur,0.9599,0.0204,0.015,0.0047,0.0401,0.0198,0.0047,2862215.1264,60686.7339,44815.1076,14159.032,2981876.0,249,347,326,0.0033,0.01,0.0012,0.02,0.03
31,3173,2025,DKI Jakarta,Kota ADM Jakarta Pusat,0.9284,0.0292,0.0325,0.01,0.0716,0.0425,0.01,849589.0293,26687.3858,29744.9201,9105.6649,915127.0,101,206,204,0.038,0.0581,0.0271,0.0,0.01
31,3174,2025,DKI Jakarta,Kota ADM Jakarta Barat,0.9625,0.0237,0.0095,0.0043,0.0375,0.0138,0.0043,2619682.17,64455.6716,25783.058,11779.1004,2721700.0,315,363,337,0.0153,0.0389,0.0119,-0.0,-0.0
31,3175,2025,DKI Jakarta,Kota ADM Jakarta Utara,0.9251,0.0446,0.0246,0.0058,0.0749,0.0304,0.0058,1740375.876,83820.1128,46193.692,10936.3192,1881326.0,160,195,297,0.0247,0.0559,0.0141,0.01,0.02
32,3201,2025,Jawa Barat,Kab Bogor,0.8937,0.0704,0.02,0.0159,0.1063,0.0359,0.0159,5741538.2607,452249.4109,128464.8645,102278.4639,6424531.0,131,106,140,0.0573,0.1484,0.0323,-0.02,-0.04
32,3202,2025,Jawa Barat,Kab Sukabumi,0.9248,0.0588,0.011,0.0053,0.0752,0.0163,0.0053,2376914.1362,151219.6621,28396.4876,13615.7141,2570146.0,282,194,311,0.0285,0.0753,0.0144,-0.01,-0.0
32,3203,2025,Jawa Barat,Kab Cianjur,0.9032,0.0839,0.0058,0.007,0.0968,0.0129,0.007,2140093.1061,198893.285,13841.6497,16695.9592,2369524.0,329,128,262,0.0123,0.0858,0.005,0.0,0.01
32,3204,2025,Jawa Barat,Kab Bandung,0.8941,0.0482,0.0345,0.0232,0.1059,0.0577,0.0232,3492465.2425,188311.9494,134780.9667,90776.8414,3906335.0,66,107,80,0.0377,0.0742,0.0131,0.02,0.03
32,3205,2025,Jawa Barat,Kab Garut,0.9215,0.0588,0.0114,0.0083,0.0785,0.0197,0.0083,2478857.3394,158245.2925,30617.7214,22409.6466,2690130.0,252,182,232,0.0353,0.0889,0.0135,-0.02,-0.01
32,3206,2025,Jawa Barat,Kab Tasikmalaya,0.9162,0.0395,0.0101,0.0342,0.0838,0.0443,0.0342,1679371.319,72462.6916,18452.0638,62737.9256,1833024.0,95,166,36,0.0187,0.0461,0.0054,0.03,0.04
32,3207,2025,Jawa Barat,Kab Ciamis,0.9531,0.0315,0.011,0.0045,0.0469,0.0154,0.0045,1176065.1454,38863.7549,13525.5052,5517.5945,1233972.0,292,306,333,0.0135,0.0384,0.0053,0.0,0.01
32,3208,2025,Jawa Barat,Kab Kuningan,0.941,0.0431,0.0119,0.0041,0.059,0.0159,0.0041,1048423.1618,48017.1198,13222.2437,4538.4746,1114201.0,286,254,342,0.0328,0.1037,0.0296,-0.02,-0.04
32,3209,2025,Jawa Barat,Kab Cirebon,0.8624,0.0907,0.018,0.0288,0.1376,0.0469,0.0288,1935548.3334,203669.6488,40460.3898,64719.6279,2244398.0,85,63,55,0.0558,0.1848,0.0302,-0.01,-0.05
32,3210,2025,Jawa Barat,Kab Majalengka,0.9226,0.0625,0.0123,0.0027,0.0774,0.015,0.0027,1151532.5177,77970.9522,15347.2379,3325.2922,1248176.0,301,186,374,0.0223,0.0641,0.014,-0.01,0.01
32,3211,2025,Jawa Barat,Kab Sumedang,0.9565,0.0246,0.0131,0.0058,0.0435,0.0189,0.0058,1148499.8137,29516.845,15744.9278,7003.4136,1200765.0,259,328,297,0.0056,0.0287,0.0001,0.01,0.01
32,3212,2025,Jawa Barat,Kab Indramayu,0.9524,0.0267,0.0112,0.0097,0.0476,0.0209,0.0097,1700770.8964,47651.1824,19975.2826,17350.6386,1785748.0,233,303,211,0.0209,0.0576,0.0152,0.0,-0.01
32,3213,2025,Jawa Barat,Kab Subang,0.9627,0.0264,0.0046,0.0063,0.0373,0.0109,0.0063,1553773.7838,42566.6176,7404.1056,10159.4931,1613904.0,362,366,283,0.0193,0.045,0.0021,-0.01,-0.01
32,3214,2025,Jawa Barat,Kab Purwakarta,0.9109,0.0685,0.0148,0.0058,0.0891,0.0205,0.0058,885817.9549,66643.1661,14344.982,5621.897,972428.0,241,152,297,0.0139,0.0345,0.0068,0.01,0.05
32,3215,2025,Jawa Barat,Kab Karawang,0.9042,0.0547,0.0286,0.0125,0.0958,0.0411,0.0125,2169655.6135,131167.3455,68657.4439,29991.5971,2399472.0,106,132,167,0.021,0.053,0.0096,0.02,0.04
32,3216,2025,Jawa Barat,Kab Bekasi,0.9107,0.0563,0.0223,0.0108,0.0893,0.0331,0.0108,3987197.5364,246286.9351,97571.4812,47224.0473,4378280.0,148,151,192,0.0246,0.0666,0.004,0.01,0.02
32,3217,2025,Jawa Barat,Kab Bandung Barat,0.9131,0.042,0.0266,0.0183,0.0869,0.0449,0.0183,1569970.2886,72222.0927,45651.4568,31543.1619,1719387.0,90,160,119,0.0296,0.0674,0.0191,0.02,0.02
32,3218,2025,Jawa Barat,Kab Pangandaran,0.958,0.0349,0.0041,0.003,0.042,0.0071,0.003,394948.7683,14399.0205,1678.9906,1244.2207,412271.0,410,336,369,0.0026,0.0108,0.0009,0.0,0.03
32,3271,2025,Jawa Barat,Kota Bogor,0.9308,0.0541,0.0111,0.004,0.0692,0.0151,0.004,1061460.2817,61657.1518,12675.459,4525.1076,1140318.0,298,218,345,0.0456,0.0914,0.0178,-0.03,-0.02
32,3272,2025,Jawa Barat,Kota Sukabumi,0.8594,0.0913,0.0167,0.0326,0.1406,0.0493,0.0326,288553.8256,30653.8232,5618.8181,10937.5332,335764.0,81,62,40,0.0895,0.1649,0.0533,-0.04,-0.02
32,3273,2025,Jawa Barat,Kota Bandung,0.941,0.0308,0.015,0.0133,0.059,0.0282,0.0133,2465500.5515,80670.7599,39249.1761,34739.5125,2620160.0,178,254,160,0.0183,0.0426,0.0068,0.01,0.02
32,3274,2025,Jawa Barat,Kota Cirebon,0.9095,0.0562,0.0231,0.0111,0.0905,0.0343,0.0111,295244.3461,18240.3671,7513.8542,3607.4325,324606.0,140,148,185,0.0515,0.102,0.0295,-0.02,-0.01
32,3275,2025,Jawa Barat,Kota Bekasi,0.9085,0.0417,0.025,0.0248,0.0915,0.0498,0.0248,2969137.0509,136324.1778,81748.6926,80928.0787,3268138.0,80,143,70,0.0225,0.038,0.0155,0.03,0.05
32,3276,2025,Jawa Barat,Kota Depok,0.9411,0.0355,0.0145,0.0088,0.0589,0.0234,0.0088,2580715.8857,97356.9671,39873.222,24175.9252,2742122.0,207,257,223,0.0118,0.026,0.0044,0.01,0.03
32,3277,2025,Jawa Barat,Kota Cimahi,0.9276,0.0439,0.022,0.0065,0.0724,0.0285,0.0065,572759.7558,27121.7395,13589.7384,4016.7663,617488.0,176,204,279,0.0326,0.0645,0.0135,-0.0,0.01
32,3278,2025,Jawa Barat,Kota Tasikmalaya,0.8904,0.0477,0.0269,0.035,0.1096,0.0618,0.035,618091.4075,33124.6293,18648.7158,24271.2474,694136.0,59,98,34,0.0755,0.1181,0.052,-0.01,-0.01
32,3279,2025,Jawa Barat,Kota Banjar,0.9623,0.0346,0.0009,0.0022,0.0377,0.0031,0.0022,184304.6324,6634.209,170.0239,421.1347,191530.0,462,361,395,0.0073,0.0223,0.0052,-0.0,0.02
33,3301,2025,Jawa Tengah,Kab Cilacap,0.972,0.024,0.0029,0.0011,0.028,0.004,0.0011,1696350.0265,41821.5158,5109.0894,1860.3682,1745141.0,447,418,429,0.0109,0.0233,0.0067,-0.01,0.0
33,3302,2025,Jawa Tengah,Kab Banyumas,0.9536,0.0256,0.0175,0.0033,0.0464,0.0208,0.0033,1667396.2209,44692.9378,30511.5917,5851.2496,1748452.0,235,312,361,0.0101,0.0256,0.0047,0.01,0.02
33,3303,2025,Jawa Tengah,Kab Purbalingga,0.9448,0.032,0.0142,0.009,0.0552,0.0232,0.009,916734.6749,31011.0074,13818.9985,8739.3192,970304.0,212,268,219,0.0346,0.0712,0.0193,-0.01,-0.02
33,3304,2025,Jawa Tengah,Kab Banjarnegara,0.9427,0.0463,0.0067,0.0043,0.0573,0.011,0.0043,884883.2943,43436.6999,6323.7822,3991.2237,938635.0,358,263,337,0.0004,0.0117,0.0004,0.01,0.05
33,3305,2025,Jawa Tengah,Kab Kebumen,0.9689,0.0176,0.0095,0.004,0.0311,0.0135,0.004,1159286.1726,21045.1477,11414.8475,4789.8322,1196536.0,321,407,345,0.0123,0.0191,0.0015,0.0,0.01
33,3306,2025,Jawa Tengah,Kab Purworejo,0.9874,0.0065,0.0043,0.0018,0.0126,0.0061,0.0018,708575.7214,4637.9434,3102.4078,1308.9273,717625.0,426,484,404,0.0135,0.0313,0.0048,-0.01,-0.02
33,3307,2025,Jawa Tengah,Kab Wonosobo,0.9551,0.037,0.0031,0.0048,0.0449,0.0079,0.0048,760795.279,29489.7165,2446.3749,3853.6296,796585.0,404,322,322,0.0102,0.028,0.0025,-0.0,0.02
33,3308,2025,Jawa Tengah,Kab Magelang,0.943,0.0225,0.0171,0.0174,0.057,0.0345,0.0174,1259153.6303,30061.4535,22870.1503,23219.7659,1335305.0,138,264,127,0.0187,0.0417,0.0117,0.02,0.02
33,3309,2025,Jawa Tengah,Kab Boyolali,0.9651,0.024,0.0049,0.006,0.0349,0.0109,0.006,964062.5647,23976.3598,4903.0311,6006.0443,998948.0,362,382,288,0.009,0.0272,0.006,0.0,0.01
33,3310,2025,Jawa Tengah,Kab Klaten,0.9478,0.0298,0.0115,0.0108,0.0522,0.0224,0.0108,1117246.4747,35149.9137,13612.0554,12785.5563,1178794.0,221,281,192,0.0235,0.0603,0.0059,-0.0,-0.01
33,3311,2025,Jawa Tengah,Kab Sukoharjo,0.9616,0.0224,0.0002,0.0158,0.0384,0.016,0.0158,881808.4122,20548.71,168.0462,14507.8316,917033.0,285,352,142,0.0088,0.0222,0.0016,0.01,0.02
33,3312,2025,Jawa Tengah,Kab Wonogiri,0.9969,0.0031,0.0,0.0,0.0031,0.0,0.0,955332.0095,2963.9905,0.0,0.0,958296.0,507,505,492,0.0083,0.0132,0.0042,-0.01,-0.01
33,3313,2025,Jawa Tengah,Kab Karanganyar,0.9654,0.0213,0.0088,0.0045,0.0346,0.0133,0.0045,884595.3607,19523.5805,8021.6248,4158.434,916299.0,323,384,333,0.0042,0.0209,0.0003,0.01,0.01
33,3314,2025,Jawa Tengah,Kab Sragen,0.962,0.0219,0.0145,0.0015,0.038,0.0161,0.0015,858273.8839,19560.7591,12975.4467,1369.9104,892180.0,283,357,417,0.0093,0.0199,0.0045,0.01,0.02
33,3315,2025,Jawa Tengah,Kab Grobogan,0.9574,0.0257,0.0077,0.0092,0.0426,0.0169,0.0092,1334016.0584,35808.7986,10709.7983,12888.3447,1393423.0,278,335,216,0.0048,0.0233,0.0026,0.01,0.02
33,3316,2025,Jawa Tengah,Kab Blora,0.9674,0.0207,0.009,0.0029,0.0326,0.0119,0.0029,841111.7553,17975.0301,7788.7374,2548.4771,869424.0,343,396,372,0.0078,0.0304,0.0042,0.0,0.0
33,3317,2025,Jawa Tengah,Kab Rembang,0.9775,0.0092,0.0029,0.0103,0.0225,0.0132,0.0103,640803.7143,6047.7811,1901.0426,6772.4619,655525.0,325,444,200,0.0196,0.0372,0.0122,-0.01,-0.01
33,3318,2025,Jawa Tengah,Kab Pati,0.9681,0.0141,0.0051,0.0127,0.0319,0.0178,0.0127,1236028.9665,18038.1094,6486.1533,16262.7709,1276816.0,270,403,164,0.0056,0.014,0.0024,0.01,0.02
33,3319,2025,Jawa Tengah,Kab Kudus,0.9569,0.0284,0.0133,0.0014,0.0431,0.0147,0.0014,876362.5075,26024.7671,12161.4023,1327.3232,915876.0,306,332,420,0.0169,0.0398,0.0088,-0.0,0.0
33,3320,2025,Jawa Tengah,Kab Jepara,0.9607,0.007,0.0156,0.0168,0.0393,0.0324,0.0168,1288490.2998,9324.3253,20862.3116,22591.0632,1341268.0,151,350,131,0.0119,0.0325,0.0113,0.02,0.01
33,3321,2025,Jawa Tengah,Kab Demak,0.9537,0.0233,0.0132,0.0098,0.0463,0.023,0.0098,1153534.8958,28189.4497,15916.3024,11890.3521,1209531.0,214,313,208,0.0228,0.055,0.0049,0.0,-0.01
33,3322,2025,Jawa Tengah,Kab Semarang,0.9617,0.023,0.0128,0.0024,0.0383,0.0152,0.0024,1072454.1659,25703.0626,14291.3741,2680.3974,1115129.0,295,353,387,0.0187,0.0361,0.0061,-0.0,0.0
33,3323,2025,Jawa Tengah,Kab Temanggung,0.9664,0.0254,0.0025,0.0057,0.0336,0.0082,0.0057,770773.1594,20252.5497,1968.6156,4539.6753,797534.0,400,389,301,0.0264,0.0391,0.0097,-0.02,-0.01
33,3324,2025,Jawa Tengah,Kab Kendal,0.963,0.0192,0.0061,0.0118,0.037,0.0179,0.0118,959603.7816,19102.8747,6068.3096,11737.0341,996512.0,268,368,173,0.0192,0.0368,0.0142,-0.0,0.0
33,3325,2025,Jawa Tengah,Kab Batang,0.9456,0.0101,0.0253,0.0191,0.0544,0.0444,0.0191,749861.7615,7970.3601,20052.3048,15117.5736,793002.0,94,271,112,0.0071,0.0126,0.0,0.04,0.04
33,3326,2025,Jawa Tengah,Kab Pekalongan,0.9716,0.0084,0.0157,0.0043,0.0284,0.02,0.0043,890853.7727,7699.3277,14377.5846,3944.315,916875.0,245,416,337,0.0271,0.0466,0.0189,-0.01,-0.02
33,3327,2025,Jawa Tengah,Kab Pemalang,0.8991,0.054,0.0288,0.0182,0.1009,0.0469,0.0182,1170346.921,70247.4477,37427.8297,23651.8015,1301674.0,85,121,121,0.0264,0.0771,0.0096,0.02,0.02
33,3328,2025,Jawa Tengah,Kab Tegal,0.8965,0.0669,0.0149,0.0217,0.1035,0.0366,0.0217,1290062.7625,96251.1086,21444.1763,31169.9526,1438928.0,125,112,92,0.0414,0.1093,0.0236,-0.0,-0.01
33,3329,2025,Jawa Tengah,Kab Brebes,0.8744,0.0754,0.0247,0.0255,0.1256,0.0501,0.0255,1590121.2463,137187.032,44863.5026,46309.2191,1818481.0,78,79,65,0.0376,0.0732,0.0145,0.01,0.05
33,3371,2025,Jawa Tengah,Kota Magelang,0.9481,0.0224,0.0226,0.0069,0.0519,0.0295,0.0069,115715.8773,2733.6319,2760.825,841.6659,122052.0,167,284,265,0.0242,0.0665,0.0123,0.01,-0.01
33,3372,2025,Jawa Tengah,Kota Surakarta,0.9209,0.0592,0.013,0.0069,0.0791,0.0199,0.0069,480179.4205,30882.3223,6800.9968,3587.2605,521450.0,246,181,265,0.0374,0.0742,0.0215,-0.02,0.0
33,3373,2025,Jawa Tengah,Kota Salatiga,0.9512,0.0369,0.0052,0.0068,0.0488,0.012,0.0068,196173.0411,7605.3375,1072.4033,1395.2181,206246.0,340,297,269,0.0055,0.0205,0.0014,0.01,0.03
33,3374,2025,Jawa Tengah,Kota Semarang,0.9291,0.0462,0.0136,0.0111,0.0709,0.0247,0.0111,1817173.0484,90361.8246,26569.7617,21649.3653,1955754.0,196,213,185,0.0218,0.0472,0.0119,0.0,0.02
33,3375,2025,Jawa Tengah,Kota Pekalongan,0.8754,0.0638,0.0196,0.0412,0.1246,0.0608,0.0412,277737.1106,20252.6258,6209.9823,13077.2813,317277.0,62,81,27,0.0321,0.0673,0.0145,0.03,0.06
33,3376,2025,Jawa Tengah,Kota Tegal,0.8728,0.0786,0.0248,0.0238,0.1272,0.0486,0.0238,219164.4816,19735.3505,6221.9847,5971.1832,251093.0,82,76,75,0.0234,0.0485,0.0128,0.03,0.08
34,3401,2025,DI Yogyakarta,Kab Kulon Progo,0.9701,0.0223,0.0044,0.0032,0.0299,0.0076,0.0032,448932.5542,10303.4702,2037.8676,1480.108,462754.0,407,410,364,0.0106,0.0194,0.0052,-0.0,0.01
34,3402,2025,DI Yogyakarta,Kab Bantul,0.9573,0.0309,0.0073,0.0045,0.0427,0.0118,0.0045,1055126.6787,34062.0199,8002.9824,4999.319,1102191.0,346,334,333,0.0101,0.0225,0.0076,0.0,0.02
34,3403,2025,DI Yogyakarta,Kab Gunungkidul,0.9332,0.0334,0.0313,0.0021,0.0668,0.0334,0.0021,748118.0841,26794.1327,25082.127,1691.6562,801686.0,147,224,398,0.0047,0.0105,0.0034,0.03,0.06
34,3404,2025,DI Yogyakarta,Kab Sleman,0.9513,0.0281,0.0139,0.0067,0.0487,0.0206,0.0067,1265144.7815,37408.8507,18443.4597,8971.9081,1329969.0,239,298,272,0.0138,0.0413,0.0045,0.01,0.01
34,3471,2025,DI Yogyakarta,Kota Yogyakarta,0.9344,0.0423,0.0121,0.0112,0.0656,0.0233,0.0112,434550.6179,19667.8117,5610.5905,5205.9799,465035.0,209,228,181,0.0455,0.0546,0.023,-0.02,0.01
35,3501,2025,Jawa Timur,Kab Pacitan,0.9888,0.0097,0.0014,0.0,0.0112,0.0014,0.0,552393.8109,5431.8297,801.3594,0.0,558627.0,485,488,492,0.0025,0.0092,0.0004,-0.0,0.0
35,3502,2025,Jawa Timur,Kab Ponorogo,0.9804,0.0095,0.0046,0.0056,0.0196,0.0101,0.0056,862178.3894,8326.1878,4026.9544,4894.4684,879426.0,370,458,304,0.008,0.0259,0.0033,0.0,-0.01
35,3503,2025,Jawa Timur,Kab Trenggalek,0.9673,0.0139,0.0032,0.0156,0.0327,0.0188,0.0156,679946.0382,9767.9739,2257.3427,10990.6453,702962.0,261,394,144,0.0066,0.0147,0.006,0.01,0.02
35,3504,2025,Jawa Timur,Kab Tulungagung,0.9757,0.0133,0.0073,0.0038,0.0243,0.0111,0.0038,1033923.9232,14046.1855,7745.0256,3993.8657,1059709.0,356,435,350,0.003,0.014,0.0,0.01,0.01
35,3505,2025,Jawa Timur,Kab Blitar,0.9674,0.0326,0.0,0.0,0.0326,0.0,0.0,1138370.0358,38348.9642,0.0,0.0,1176719.0,507,396,492,0.0004,0.0395,0.0,-0.0,-0.01
35,3506,2025,Jawa Timur,Kab Kediri,0.9783,0.0119,0.003,0.0067,0.0217,0.0097,0.0067,1570696.1715,19182.4007,4825.5515,10799.8763,1605504.0,376,449,272,0.0148,0.0419,0.0091,-0.01,-0.02
35,3507,2025,Jawa Timur,Kab Malang,0.9638,0.0269,0.0026,0.0066,0.0362,0.0093,0.0066,2586986.4978,72224.1211,7001.3965,17826.9846,2684039.0,385,372,276,0.0059,0.0194,0.0037,0.0,0.02
35,3508,2025,Jawa Timur,Kab Lumajang,0.9638,0.0293,0.0015,0.0054,0.0362,0.0069,0.0054,1015636.1899,30896.3762,1567.0727,5703.3612,1053803.0,415,372,309,0.0063,0.0113,0.0017,0.0,0.02
35,3509,2025,Jawa Timur,Kab Jember,0.9765,0.0128,0.0049,0.0058,0.0235,0.0107,0.0058,2442256.114,32076.7139,12309.7955,14488.3766,2501131.0,366,437,297,0.0052,0.0234,0.0027,0.01,0.0
35,3510,2025,Jawa Timur,Kab Banyuwangi,0.9738,0.018,0.0064,0.0017,0.0262,0.0081,0.0017,1590607.246,29457.3825,10425.3637,2844.0078,1633334.0,402,425,408,0.0115,0.0211,0.0038,-0.0,0.01
35,3511,2025,Jawa Timur,Kab Bondowoso,0.967,0.0265,0.0027,0.0038,0.033,0.0065,0.0038,766539.0031,21033.8522,2128.2159,3033.9288,792735.0,420,393,350,0.0098,0.0281,0.0065,-0.0,0.0
35,3512,2025,Jawa Timur,Kab Situbondo,0.9106,0.058,0.0163,0.015,0.0894,0.0314,0.015,636253.9644,40506.533,11416.4775,10509.0251,698686.0,155,150,146,0.0028,0.0185,0.0004,0.03,0.07
35,3513,2025,Jawa Timur,Kab Probolinggo,0.9773,0.012,0.0038,0.0069,0.0227,0.0106,0.0069,1176194.3459,14492.9683,4517.6573,8274.0286,1203479.0,369,443,265,0.0212,0.0405,0.013,-0.01,-0.02
35,3514,2025,Jawa Timur,Kab Pasuruan,0.972,0.0072,0.007,0.0137,0.028,0.0207,0.0137,1639093.633,12205.2231,11873.1686,23090.9753,1686263.0,237,418,158,0.0176,0.0389,0.0149,0.0,-0.01
35,3515,2025,Jawa Timur,Kab Sidoarjo,0.9747,0.0163,0.0042,0.0048,0.0253,0.009,0.0048,2383109.9988,39773.834,10193.2934,11825.8738,2444903.0,388,431,322,0.0204,0.0308,0.0143,-0.01,-0.01
35,3516,2025,Jawa Timur,Kab Mojokerto,0.9833,0.0037,0.0103,0.0026,0.0167,0.0129,0.0026,1148338.3544,4356.1784,12056.4974,3065.9698,1167817.0,329,470,379,0.0051,0.0137,0.0025,0.01,0.0
35,3517,2025,Jawa Timur,Kab Jombang,0.9621,0.0166,0.0078,0.0134,0.0379,0.0213,0.0134,1240642.2241,21421.9069,10122.4119,17343.4571,1289530.0,230,359,159,0.0091,0.0262,0.0058,0.01,0.01
35,3518,2025,Jawa Timur,Kab Nganjuk,0.9565,0.0327,0.0022,0.0087,0.0435,0.0109,0.0087,1020552.6835,34864.8766,2301.6943,9295.7456,1067015.0,362,328,225,0.0084,0.0254,0.0079,0.0,0.02
35,3519,2025,Jawa Timur,Kab Madiun,0.9675,0.0101,0.0005,0.0219,0.0325,0.0224,0.0219,666013.0508,6955.8483,347.395,15060.7059,688377.0,221,398,89,0.0064,0.0239,0.0043,0.02,0.01
35,3520,2025,Jawa Timur,Kab Magetan,0.9869,0.0075,0.004,0.0016,0.0131,0.0056,0.0016,630475.2673,4798.3429,2542.0817,1011.308,638827.0,432,480,413,0.0043,0.009,0.0,0.0,0.0
35,3521,2025,Jawa Timur,Kab Ngawi,0.9469,0.0342,0.017,0.0018,0.0531,0.0189,0.0018,799091.6223,28862.5233,14351.3587,1559.4957,843865.0,259,277,404,0.0198,0.0266,0.0149,-0.0,0.03
35,3522,2025,Jawa Timur,Kab Bojonegoro,0.9811,0.015,0.002,0.0019,0.0189,0.0039,0.0019,1237435.1416,18973.6497,2494.4132,2409.7955,1261313.0,449,461,402,0.0027,0.0056,0.0006,0.0,0.01
35,3523,2025,Jawa Timur,Kab Tuban,0.9852,0.0123,0.0009,0.0016,0.0148,0.0025,0.0016,1177540.2314,14749.163,1029.3826,1919.223,1195238.0,470,473,413,0.0088,0.0248,0.0042,-0.01,-0.01
35,3524,2025,Jawa Timur,Kab Lamongan,0.9582,0.0331,0.0014,0.0073,0.0418,0.0087,0.0073,1159006.7183,40023.62,1696.9882,8782.6735,1209510.0,392,338,257,0.0109,0.0185,0.0047,-0.0,0.02
35,3525,2025,Jawa Timur,Kab Gresik,0.9807,0.0053,0.006,0.0081,0.0193,0.0141,0.0081,1365235.2675,7324.7906,8284.352,11320.59,1392165.0,313,459,240,0.01,0.0267,0.0061,0.0,-0.01
35,3526,2025,Jawa Timur,Kab Bangkalan,0.9681,0.02,0.0103,0.0017,0.0319,0.0119,0.0017,996954.2655,20545.8145,10570.5259,1703.3941,1029774.0,343,403,408,0.0051,0.0217,0.0013,0.01,0.01
35,3527,2025,Jawa Timur,Kab Sampang,0.9884,0.0089,0.0003,0.0024,0.0116,0.0027,0.0024,1026019.0995,9190.1537,296.128,2531.6188,1038037.0,466,487,387,0.0001,0.0072,0.0001,0.0,0.0
35,3528,2025,Jawa Timur,Kab Pamekasan,0.9225,0.0624,0.0077,0.0074,0.0775,0.0151,0.0074,856061.0927,57896.9653,7104.3161,6893.626,927956.0,298,185,254,0.0105,0.0282,0.0,0.0,0.05
35,3529,2025,Jawa Timur,Kab Sumenep,0.9415,0.0522,0.0004,0.0059,0.0585,0.0063,0.0059,1042528.7636,57807.5898,458.3183,6500.3284,1107295.0,424,260,292,0.0042,0.0258,0.0012,0.0,0.03
35,3571,2025,Jawa Timur,Kota Kediri,0.9711,0.0143,0.0013,0.0132,0.0289,0.0145,0.0132,288467.3487,4258.311,377.1744,3934.166,297037.0,307,413,161,0.0054,0.0194,0.0022,0.01,0.01
35,3572,2025,Jawa Timur,Kota Blitar,0.9583,0.0138,0.0113,0.0166,0.0417,0.0279,0.0166,140803.3749,2023.4252,1664.5739,2435.626,146927.0,179,340,133,0.0054,0.0121,0.0045,0.02,0.03
35,3573,2025,Jawa Timur,Kota Malang,0.9587,0.0264,0.0076,0.0073,0.0413,0.0149,0.0073,857535.4437,23570.1848,6765.5635,6573.808,894445.0,302,343,257,0.0076,0.0481,0.0037,0.01,-0.01
35,3574,2025,Jawa Timur,Kota Probolinggo,0.9605,0.0275,0.0096,0.0025,0.0395,0.0121,0.0025,238439.8021,6822.7136,2372.8213,619.663,248255.0,338,349,383,0.0176,0.051,0.0071,-0.01,-0.01
35,3575,2025,Jawa Timur,Kota Pasuruan,0.939,0.0353,0.0181,0.0076,0.061,0.0257,0.0076,195015.7828,7336.5207,3759.2897,1572.4068,207684.0,187,246,249,0.0212,0.0586,0.0179,0.0,0.0
35,3576,2025,Jawa Timur,Kota Mojokerto,0.9532,0.0433,0.0008,0.0027,0.0468,0.0035,0.0027,127820.3971,5807.5711,111.2044,362.8274,134102.0,455,307,374,0.0347,0.0577,0.0217,-0.03,-0.01
35,3577,2025,Jawa Timur,Kota Madiun,0.9845,0.0123,0.0006,0.0026,0.0155,0.0033,0.0026,176276.1452,2197.7562,113.8135,472.2852,179060.0,459,471,379,0.0116,0.0395,0.008,-0.01,-0.02
35,3578,2025,Jawa Timur,Kota Surabaya,0.9535,0.0267,0.0168,0.003,0.0465,0.0198,0.003,2812597.7007,78625.7919,49648.7328,8780.7746,2949653.0,249,310,369,0.0108,0.0209,0.0034,0.01,0.03
35,3579,2025,Jawa Timur,Kota Batu,0.981,0.0119,0.002,0.0052,0.019,0.0071,0.0052,212968.6305,2586.5851,423.36,1121.4243,217100.0,410,460,313,0.0008,0.0064,0.0003,0.01,0.01
36,3601,2025,Banten,Kab Pandeglang,0.8746,0.0754,0.0197,0.0303,0.1254,0.05,0.0303,1082227.2284,93254.8474,24424.4956,37442.4286,1237349.0,79,80,49,0.008,0.0667,0.0054,0.04,0.06
36,3602,2025,Banten,Kab Lebak,0.8027,0.1134,0.0757,0.0082,0.1973,0.0839,0.0082,1064977.4724,150512.6451,100450.6278,10831.2548,1326772.0,29,34,236,0.0368,0.1325,0.0125,0.05,0.06
36,3603,2025,Banten,Kab Tangerang,0.9179,0.0468,0.026,0.0094,0.0821,0.0353,0.0094,3798648.7041,193568.43,107428.2194,38851.6465,4138497.0,137,170,213,0.0542,0.1003,0.0413,-0.02,-0.02
36,3604,2025,Banten,Kab Serang,0.9286,0.0509,0.0057,0.0148,0.0714,0.0205,0.0148,1420986.2049,77945.1107,8704.9244,22655.76,1530292.0,241,209,148,0.0122,0.0361,0.0056,0.01,0.04
36,3671,2025,Banten,Kota Tangerang,0.9645,0.027,0.0076,0.0008,0.0355,0.0084,0.0008,2320173.1439,65031.955,18221.2576,2037.6435,2405464.0,398,376,441,0.0272,0.0629,0.0152,-0.02,-0.03
36,3672,2025,Banten,Kota Cilegon,0.9785,0.0081,0.013,0.0003,0.0215,0.0133,0.0003,456824.0797,3801.3598,6081.9433,141.6172,466849.0,323,451,456,0.0056,0.02,0.0,0.01,0.0
36,3673,2025,Banten,Kota Serang,0.9055,0.0548,0.0169,0.0228,0.0945,0.0397,0.0228,674702.7622,40821.4941,12573.6717,17006.072,745104.0,112,136,83,0.0475,0.0761,0.012,-0.01,0.02
36,3674,2025,Banten,Kota Tangerang Selatan,0.9731,0.0209,0.0038,0.0022,0.0269,0.0059,0.0022,1814088.7216,39039.4325,7066.9391,4009.9068,1864205.0,430,421,395,0.0113,0.0229,0.0051,-0.01,0.0
51,5101,2025,Bali,Kab Jembrana,0.9856,0.0134,0.001,0.0,0.0144,0.001,0.0,283384.927,3857.0923,289.9807,0.0,287532.0,489,476,492,0.0,0.0083,0.0,0.0,0.01
51,5102,2025,Bali,Kab Tabanan,0.9735,0.0175,0.0043,0.0047,0.0265,0.009,0.0047,447519.2908,8057.6919,1955.2553,2167.762,459700.0,388,424,326,0.0,0.0078,0.0,0.01,0.02
51,5103,2025,Bali,Kab Badung,1.0,0.0,0.0,0.0,0.0,0.0,0.0,773263.0,0.0,0.0,0.0,773263.0,507,511,492,0.0,0.0,0.0,0.0,0.0
51,5104,2025,Bali,Kab Gianyar,0.9972,0.0028,0.0,0.0,0.0028,0.0,0.0,538182.2216,1511.7784,0.0,0.0,539694.0,507,506,492,0.0007,0.0007,0.0,-0.0,0.0
51,5105,2025,Bali,Kab Klungkung,0.9823,0.0159,0.0014,0.0004,0.0177,0.0018,0.0004,179965.6497,2916.0592,247.9969,78.2941,183208.0,480,468,452,0.0097,0.0213,0.0014,-0.01,-0.0
51,5106,2025,Bali,Kab Bangli,0.9784,0.009,0.0119,0.0007,0.0216,0.0126,0.0007,228680.1315,2109.6466,2771.2237,167.9983,233729.0,334,450,445,0.0133,0.0254,0.0065,-0.0,-0.0
51,5107,2025,Bali,Kab Karangasem,0.9956,0.0044,0.0,0.0,0.0044,0.0,0.0,424993.2206,1883.7794,0.0,0.0,426877.0,507,503,492,0.002,0.0037,0.0011,-0.0,0.0
51,5108,2025,Bali,Kab Buleleng,0.9379,0.0467,0.0104,0.0051,0.0621,0.0155,0.0051,638586.1881,31782.0166,7076.1466,3455.6487,680900.0,290,243,315,0.0068,0.0165,0.0044,0.01,0.05
51,5171,2025,Bali,Kota Denpasar,0.9792,0.0111,0.0096,0.0,0.0208,0.0096,0.0,1049785.4698,11919.0985,10332.4318,0.0,1072037.0,379,452,492,0.0023,0.0095,0.0,0.01,0.01
52,5201,2025,Nusa Tenggara Barat,Kab Lombok Barat,0.859,0.1046,0.0202,0.0163,0.141,0.0364,0.0163,665192.0706,81021.3902,15608.0622,12594.4769,774416.0,127,61,137,0.0398,0.1591,0.0099,-0.0,-0.02
52,5202,2025,Nusa Tenggara Barat,Kab Lombok Tengah,0.8882,0.0962,0.0092,0.0065,0.1118,0.0157,0.0065,908422.0916,98341.5809,9369.5047,6647.8229,1022781.0,288,92,279,0.0504,0.1161,0.0043,-0.03,-0.0
52,5203,2025,Nusa Tenggara Barat,Kab Lombok Timur,0.9034,0.0782,0.0096,0.0088,0.0966,0.0184,0.0088,1160774.0697,100496.2113,12362.1139,11320.6051,1284953.0,265,130,223,0.0113,0.0703,0.0049,0.01,0.03
52,5204,2025,Nusa Tenggara Barat,Kab Sumbawa,0.8001,0.1161,0.0369,0.0469,0.1999,0.0838,0.0469,395326.0572,57345.0969,18222.9568,23170.8891,494065.0,30,33,20,0.0573,0.1009,0.0454,0.03,0.1
52,5205,2025,Nusa Tenggara Barat,Kab Dompu,0.7981,0.116,0.0565,0.0295,0.2019,0.086,0.0295,223813.16,32517.9726,15840.9886,8265.8787,280438.0,28,30,52,0.0431,0.1362,0.0126,0.04,0.07
52,5206,2025,Nusa Tenggara Barat,Kab Bima,0.7202,0.2104,0.0661,0.0034,0.2798,0.0694,0.0034,382209.8668,111634.4893,35051.4439,1778.1999,530674.0,50,13,358,0.0432,0.2321,0.0056,0.03,0.05
52,5207,2025,Nusa Tenggara Barat,Kab Sumbawa Barat,0.8946,0.0941,0.0093,0.002,0.1054,0.0112,0.002,158535.2368,16681.0997,1640.3047,348.3588,177205.0,355,109,400,0.0209,0.0791,0.0108,-0.01,0.03
52,5208,2025,Nusa Tenggara Barat,Kab Lombok Utara,0.9083,0.071,0.0117,0.009,0.0917,0.0207,0.009,215787.8567,16874.8131,2780.5778,2127.7524,237571.0,237,142,219,0.0209,0.0575,0.0047,-0.0,0.03
52,5271,2025,Nusa Tenggara Barat,Kota Mataram,0.9166,0.0625,0.0173,0.0035,0.0834,0.0209,0.0035,510499.2923,34834.5403,9653.9602,1972.2072,556960.0,233,168,355,0.0333,0.0736,0.0082,-0.01,0.01
52,5272,2025,Nusa Tenggara Barat,Kota Bima,0.8143,0.1237,0.0505,0.0114,0.1857,0.062,0.0114,161641.1668,24562.5727,10033.9253,2263.3353,198501.0,57,39,177,0.0276,0.1309,0.0106,0.03,0.05
53,5301,2025,Nusa Tenggara Timur,Kab Sumba Barat,0.8402,0.094,0.0443,0.0215,0.1598,0.0658,0.0215,117670.2762,13162.3851,6201.3598,3008.9788,140043.0,54,49,95,0.0436,0.102,0.0225,0.02,0.06
53,5302,2025,Nusa Tenggara Timur,Kab Sumba Timur,0.7463,0.1776,0.0519,0.0241,0.2537,0.076,0.0241,204766.9636,48733.8821,14244.9385,6613.2159,274359.0,38,17,72,0.1871,0.3477,0.0435,-0.11,-0.09
53,5303,2025,Nusa Tenggara Timur,Kab Kupang,0.6865,0.2035,0.0656,0.0443,0.3135,0.1099,0.0443,295601.424,87637.9112,28259.209,19081.4558,430580.0,13,8,25,0.1048,0.2883,0.0476,0.01,0.03
53,5304,2025,Nusa Tenggara Timur,Kab Timor Tengah Selatan,0.8993,0.0742,0.0172,0.0093,0.1007,0.0265,0.0093,428477.3067,35360.433,8196.3818,4416.8785,476451.0,184,122,214,0.0158,0.0989,0.0072,0.01,0.0
53,5305,2025,Nusa Tenggara Timur,Kab Timor Tengah Utara,0.7992,0.1088,0.0686,0.0234,0.2008,0.092,0.0234,211770.1141,28820.8978,18167.9378,6207.0504,264966.0,22,32,79,0.0741,0.2346,0.0275,0.02,-0.03
53,5306,2025,Nusa Tenggara Timur,Kab Belu,0.8064,0.1213,0.0486,0.0237,0.1936,0.0723,0.0237,191684.6583,28838.7699,11559.3471,5632.2246,237715.0,44,37,76,0.0598,0.2571,0.0268,0.01,-0.06
53,5307,2025,Nusa Tenggara Timur,Kab Alor,0.7788,0.1442,0.0444,0.0326,0.2212,0.077,0.0326,164742.3757,30501.1017,9387.3131,6896.2096,211527.0,36,24,40,0.047,0.237,0.0116,0.03,-0.02
53,5308,2025,Nusa Tenggara Timur,Kab Lembata,0.7313,0.1862,0.0744,0.0081,0.2687,0.0825,0.0081,115621.3365,29429.8814,11761.4168,1281.3653,158094.0,31,14,240,0.0251,0.1684,0.0058,0.06,0.1
53,5309,2025,Nusa Tenggara Timur,Kab Flores Timur,0.7166,0.1719,0.0764,0.0351,0.2834,0.1115,0.0351,190501.0303,45690.7429,20313.5964,9334.6304,265840.0,12,10,33,0.1138,0.2917,0.0083,-0.0,-0.01
53,5310,2025,Nusa Tenggara Timur,Kab Sikka,0.669,0.2535,0.0281,0.0493,0.331,0.0775,0.0493,218470.4269,82800.678,9184.3971,16115.498,326571.0,35,7,16,0.1249,0.3549,0.0395,-0.05,-0.02
53,5311,2025,Nusa Tenggara Timur,Kab Ende,0.8681,0.0984,0.0309,0.0027,0.1319,0.0335,0.0027,239960.978,27202.7881,8533.9113,736.3226,276434.0,145,72,374,0.0057,0.0731,0.0,0.03,0.06
53,5312,2025,Nusa Tenggara Timur,Kab Ngada,0.7948,0.1092,0.0454,0.0506,0.2052,0.096,0.0506,138351.1209,19009.9158,7907.6914,8808.2719,174077.0,20,29,13,0.1061,0.2794,0.0158,-0.01,-0.07
53,5313,2025,Nusa Tenggara Timur,Kab Manggarai,0.8698,0.0891,0.0214,0.0197,0.1302,0.041,0.0197,316201.8021,32391.6938,7771.3481,7150.1559,363515.0,107,73,108,0.0361,0.2233,0.0141,0.0,-0.09
53,5314,2025,Nusa Tenggara Timur,Kab Rote Ndao,0.8553,0.0923,0.0322,0.0202,0.1447,0.0524,0.0202,181222.6566,19548.1911,6816.1492,4285.0032,211872.0,73,57,103,0.024,0.2178,0.0108,0.03,-0.07
53,5315,2025,Nusa Tenggara Timur,Kab Manggarai Barat,0.9491,0.0324,0.0073,0.0113,0.0509,0.0186,0.0113,292340.7164,9969.0792,2239.5549,3485.6495,308035.0,264,289,179,0.0223,0.0934,0.0074,-0.0,-0.04
53,5316,2025,Nusa Tenggara Timur,Kab Sumba Tengah,0.668,0.2579,0.0371,0.037,0.332,0.0741,0.037,52121.0184,20123.9246,2894.8269,2885.2301,78025.0,40,6,31,0.1734,0.3026,0.0604,-0.1,0.03
53,5317,2025,Nusa Tenggara Timur,Kab Sumba Barat Daya,0.6427,0.2531,0.0864,0.0177,0.3573,0.1042,0.0177,244719.3185,96361.5658,32913.1317,6743.984,380738.0,15,4,124,0.0933,0.3201,0.0439,0.01,0.04
53,5318,2025,Nusa Tenggara Timur,Kab Nagekeo,0.7482,0.1294,0.1103,0.012,0.2518,0.1224,0.012,114425.7949,19797.5037,16875.7293,1840.9721,152940.0,9,18,172,0.059,0.3759,0.0113,0.06,-0.12
53,5319,2025,Nusa Tenggara Timur,Kab Manggarai Timur,0.7947,0.1313,0.0535,0.0204,0.2053,0.074,0.0204,239947.0303,39659.9795,16165.0974,6171.8928,301944.0,42,28,102,0.0375,0.1115,0.0207,0.04,0.09
53,5320,2025,Nusa Tenggara Timur,Kab Sabu Raijua,0.8819,0.0825,0.0311,0.0046,0.1181,0.0357,0.0046,99470.3724,9302.0732,3506.9963,515.5581,112795.0,134,88,330,0.0168,0.0799,0.0119,0.02,0.04
53,5321,2025,Nusa Tenggara Timur,Kab Malaka,0.4219,0.4177,0.104,0.0563,0.5781,0.1604,0.0563,87504.0427,86626.296,21577.4129,11685.2484,207393.0,5,2,9,0.0832,0.3354,0.0121,0.08,0.24
53,5371,2025,Nusa Tenggara Timur,Kota Kupang,0.941,0.0482,0.0085,0.0023,0.059,0.0109,0.0023,471070.7753,24106.0884,4274.8824,1164.2539,500616.0,362,254,392,0.0277,0.0844,0.0201,-0.02,-0.03
61,6101,2025,Kalimantan Barat,Kab Sambas,0.9291,0.0477,0.0112,0.0121,0.0709,0.0233,0.0121,511842.945,26260.61,6160.189,6649.2559,550913.0,209,213,170,0.0051,0.0331,0.0,0.02,0.04
61,6102,2025,Kalimantan Barat,Kab Bengkayang,0.9182,0.0747,0.0021,0.0049,0.0818,0.0071,0.0049,253298.4973,20620.0603,589.5205,1356.922,275865.0,410,171,319,0.0011,0.0382,0.0,0.01,0.04
61,6103,2025,Kalimantan Barat,Kab Landak,0.9423,0.0223,0.0276,0.0078,0.0577,0.0354,0.0078,374376.584,8865.9011,10967.8273,3087.6876,397298.0,136,262,245,0.0027,0.0411,0.0022,0.03,0.02
61,6104,2025,Kalimantan Barat,Kab Mempawah,0.9172,0.052,0.0049,0.0258,0.0828,0.0308,0.0258,252678.6942,14319.5026,1362.0137,7116.7895,275477.0,156,169,64,0.0126,0.054,0.0034,0.02,0.03
61,6105,2025,Kalimantan Barat,Kab Sanggau,0.9082,0.0798,0.0069,0.0051,0.0918,0.012,0.0051,451666.7346,39673.1859,3453.1813,2527.8981,497321.0,340,141,315,0.0102,0.0321,0.0088,0.0,0.06
61,6106,2025,Kalimantan Barat,Kab Ketapang,0.9519,0.0256,0.0211,0.0014,0.0481,0.0224,0.0014,528431.2023,14211.5269,11693.0356,768.2352,555104.0,221,301,420,0.0138,0.043,0.0051,0.01,0.01
61,6107,2025,Kalimantan Barat,Kab Sintang,0.9023,0.0456,0.0072,0.0449,0.0977,0.0521,0.0449,398675.3919,20142.0369,3184.5539,19840.0173,441842.0,75,127,23,0.0082,0.0729,0.0036,0.04,0.02
61,6108,2025,Kalimantan Barat,Kab Kapuas Hulu,0.9792,0.0176,0.0031,0.0,0.0208,0.0032,0.0,278047.5009,4996.7905,886.6549,11.0537,283942.0,461,452,492,0.0045,0.0426,0.0004,-0.0,-0.02
61,6109,2025,Kalimantan Barat,Kab Sekadau,0.9697,0.0237,0.0066,0.0,0.0303,0.0066,0.0,201070.9851,4917.4711,1369.5438,0.0,207358.0,419,409,492,0.0065,0.0456,0.0037,0.0,-0.02
61,6110,2025,Kalimantan Barat,Kab Melawi,0.9307,0.05,0.0145,0.0049,0.0693,0.0193,0.0049,206906.5236,11105.7536,3214.5726,1084.1502,222311.0,254,217,319,0.022,0.1117,0.0025,-0.0,-0.04
61,6111,2025,Kalimantan Barat,Kab Kayong Utara,0.9186,0.0401,0.0109,0.0305,0.0814,0.0413,0.0305,111067.4676,4844.2165,1312.6284,3681.6875,120906.0,105,174,48,0.008,0.0946,0.0018,0.03,-0.01
61,6112,2025,Kalimantan Barat,Kab Kubu Raya,0.9541,0.0342,0.0108,0.0008,0.0459,0.0116,0.0008,582871.2899,20900.5434,6608.5006,504.6661,610885.0,349,315,441,0.0138,0.0543,0.0052,-0.0,-0.01
61,6171,2025,Kalimantan Barat,Kota Pontianak,0.9295,0.0459,0.01,0.0146,0.0705,0.0246,0.0146,638879.8988,31539.5965,6889.8812,10026.6235,687336.0,198,215,149,0.0197,0.0541,0.0101,0.0,0.02
61,6172,2025,Kalimantan Barat,Kota Singkawang,0.982,0.0044,0.0045,0.0092,0.018,0.0137,0.0092,237610.6297,1057.8874,1080.9587,2225.5242,241975.0,318,464,216,0.0061,0.0171,0.0056,0.01,0.0
62,6201,2025,Kalimantan Tengah,Kab Kotawaringin Barat,0.9678,0.0254,0.0065,0.0003,0.0322,0.0068,0.0003,321124.1681,8415.6308,2158.8995,105.3016,331804.0,417,401,456,0.0326,0.0749,0.012,-0.03,-0.04
62,6202,2025,Kalimantan Tengah,Kab Kotawaringin Timur,0.951,0.0367,0.0014,0.0109,0.049,0.0124,0.0109,452151.3484,17433.6248,682.701,5202.3258,475470.0,336,295,190,0.0022,0.1039,0.0018,0.01,-0.05
62,6203,2025,Kalimantan Tengah,Kab Kapuas,0.9558,0.0209,0.0174,0.0059,0.0442,0.0232,0.0059,356585.0866,7806.1498,6473.6607,2193.103,373058.0,212,326,292,0.029,0.1003,0.0109,-0.01,-0.06
62,6204,2025,Kalimantan Tengah,Kab Barito Selatan,0.9629,0.0156,0.0155,0.006,0.0371,0.0215,0.006,138147.7463,2233.8176,2222.346,867.0901,143471.0,228,367,288,0.0175,0.0727,0.0122,0.0,-0.04
62,6205,2025,Kalimantan Tengah,Kab Barito Utara,0.9708,0.0254,0.0032,0.0005,0.0292,0.0037,0.0005,130857.2788,3429.9817,437.3991,62.3404,134787.0,451,412,449,0.0058,0.0181,0.0005,-0.0,0.01
62,6206,2025,Kalimantan Tengah,Kab Sukamara,0.9667,0.0144,0.0138,0.0051,0.0333,0.0189,0.0051,69157.3144,1030.408,984.8282,366.4493,71539.0,259,392,315,0.0061,0.0082,0.0051,0.01,0.03
62,6207,2025,Kalimantan Tengah,Kab Lamandau,0.9864,0.0119,0.0016,0.0002,0.0136,0.0018,0.0002,85656.4604,1031.0443,135.5101,16.9852,86840.0,480,479,460,0.0208,0.0213,0.004,-0.02,-0.01
62,6208,2025,Kalimantan Tengah,Kab Seruyan,0.9768,0.0117,0.0098,0.0017,0.0232,0.0115,0.0017,227244.9514,2721.702,2291.0109,395.3357,232653.0,350,438,408,0.0022,0.0099,0.0,0.01,0.01
62,6209,2025,Kalimantan Tengah,Kab Katingan,0.9046,0.0772,0.0122,0.006,0.0954,0.0182,0.006,166491.8638,14201.7058,2242.7004,1111.7299,184048.0,267,134,288,0.0442,0.084,0.0266,-0.03,0.01
62,6210,2025,Kalimantan Tengah,Kab Pulang Pisau,0.957,0.0279,0.0077,0.0074,0.043,0.0151,0.0074,124469.1479,3622.7261,1005.1278,962.9982,130060.0,298,333,254,0.0013,0.0027,0.0013,0.01,0.04
62,6211,2025,Kalimantan Tengah,Kab Gunung Mas,0.8886,0.0653,0.0282,0.0179,0.1114,0.0461,0.0179,108133.7441,7942.9341,3430.3917,2183.9301,121691.0,87,93,122,0.0001,0.0026,0.0001,0.05,0.11
62,6212,2025,Kalimantan Tengah,Kab Barito Timur,0.9695,0.025,0.0052,0.0002,0.0305,0.0055,0.0002,128981.4235,3328.3257,698.3648,30.8861,133039.0,433,408,460,0.0029,0.0176,0.0002,0.0,0.01
62,6213,2025,Kalimantan Tengah,Kab Murung Raya,0.8388,0.0641,0.0587,0.0383,0.1612,0.097,0.0383,103549.1998,7913.3914,7249.2074,4730.2015,123442.0,19,48,29,0.0313,0.0675,0.0245,0.07,0.09
62,6271,2025,Kalimantan Tengah,Kota Palangkaraya,0.9583,0.0171,0.01,0.0145,0.0417,0.0246,0.0145,295423.57,5269.5229,3092.813,4485.0941,308271.0,198,340,152,0.0135,0.0205,0.0064,0.01,0.02
63,6301,2025,Kalimantan Selatan,Kab Tanah Laut,0.9872,0.011,0.0018,0.0,0.0128,0.0018,0.0,356377.0633,3986.122,643.8147,0.0,361007.0,480,481,492,0.0087,0.0112,0.0077,-0.01,0.0
63,6302,2025,Kalimantan Selatan,Kab Kotabaru,0.8443,0.1003,0.0276,0.0277,0.1557,0.0554,0.0277,305886.5975,36340.1523,10017.4261,10051.8241,362296.0,69,51,58,0.0232,0.0832,0.0119,0.03,0.07
63,6303,2025,Kalimantan Selatan,Kab Banjar,0.9874,0.0115,0.001,0.0,0.0126,0.001,0.0,608918.7193,7109.1541,646.1266,0.0,616674.0,489,484,492,0.0058,0.0318,0.0024,-0.0,-0.02
63,6304,2025,Kalimantan Selatan,Kab Barito Kuala,0.9921,0.0072,0.0006,0.0,0.0079,0.0006,0.0,321242.5241,2346.1853,207.2906,0.0,323796.0,492,494,492,0.0043,0.0366,0.0,-0.0,-0.03
63,6305,2025,Kalimantan Selatan,Kab Tapin,1.0,0.0,0.0,0.0,0.0,0.0,0.0,198129.0,0.0,0.0,0.0,198129.0,507,511,492,0.0069,0.0139,0.0033,-0.01,-0.01
63,6306,2025,Kalimantan Selatan,Kab Hulu Sungai Selatan,0.9945,0.0055,0.0,0.0,0.0055,0.0,0.0,240395.4754,1324.5246,0.0,0.0,241720.0,507,500,492,0.0101,0.0182,0.002,-0.01,-0.01
63,6307,2025,Kalimantan Selatan,Kab Hulu Sungai Tengah,0.9932,0.0052,0.0,0.0016,0.0068,0.0016,0.0016,275000.5572,1431.7521,9.3251,430.3656,276872.0,482,497,413,0.0023,0.0125,0.0,-0.0,-0.01
63,6308,2025,Kalimantan Selatan,Kab Hulu Sungai Utara,0.9663,0.025,0.0079,0.0009,0.0337,0.0087,0.0009,235200.3126,6090.7524,1913.9709,208.964,243414.0,392,387,436,0.007,0.0322,0.0045,0.0,0.0
63,6309,2025,Kalimantan Selatan,Kab Tabalong,0.9999,0.0001,0.0,0.0,0.0001,0.0,0.0,267500.3707,13.6293,0.0,0.0,267514.0,507,508,492,0.0176,0.0407,0.0105,-0.02,-0.04
63,6310,2025,Kalimantan Selatan,Kab Tanah Bumbu,0.9535,0.0294,0.0117,0.0054,0.0465,0.0171,0.0054,421167.0175,12971.0964,5170.958,2374.9281,441684.0,276,310,309,0.0051,0.0306,0.0004,0.01,0.02
63,6311,2025,Kalimantan Selatan,Kab Balangan,0.9921,0.0065,0.0005,0.001,0.0079,0.0014,0.001,137202.2703,897.2739,63.6952,132.7607,138296.0,485,494,432,0.0039,0.0094,0.0016,-0.0,-0.0
63,6371,2025,Kalimantan Selatan,Kota Banjarmasin,0.9352,0.043,0.0176,0.0042,0.0648,0.0218,0.0042,685518.3805,31544.0283,12904.8143,3078.7769,733046.0,227,230,339,0.0129,0.0354,0.0075,0.01,0.03
63,6372,2025,Kalimantan Selatan,Kota Banjarbaru,0.9666,0.0191,0.0111,0.0032,0.0334,0.0143,0.0032,288132.6808,5690.6104,3302.9635,966.7452,298093.0,311,390,364,0.0049,0.0146,0.0012,0.01,0.02
64,6401,2025,Kalimantan Timur,Kab Paser,0.9403,0.0259,0.0129,0.0209,0.0597,0.0338,0.0209,278185.6805,7657.6243,3801.5396,6189.1556,295834.0,144,251,97,0.0093,0.0288,0.0064,0.02,0.03
64,6402,2025,Kalimantan Timur,Kab Kutai Barat,0.9751,0.019,0.0033,0.0026,0.0249,0.0059,0.0026,148158.4594,2883.481,502.5015,394.5581,151939.0,430,433,379,0.0113,0.038,0.004,-0.01,-0.01
64,6403,2025,Kalimantan Timur,Kab Kutai Kartanegara,0.9526,0.0403,0.0051,0.0021,0.0474,0.0071,0.0021,780076.3632,32996.9796,4138.3895,1685.2677,818897.0,410,304,398,0.0039,0.0127,0.0022,0.0,0.03
64,6404,2025,Kalimantan Timur,Kab Kutai Timur,0.9852,0.0025,0.0097,0.0026,0.0148,0.0123,0.0026,426439.585,1086.2299,4209.7382,1113.4469,432849.0,337,473,379,0.0048,0.0247,0.0005,0.01,-0.01
64,6405,2025,Kalimantan Timur,Kab Berau,0.9666,0.0304,0.002,0.001,0.0334,0.003,0.001,238503.6793,7499.4854,492.4643,247.371,246743.0,463,390,432,0.0169,0.0231,0.0086,-0.01,0.01
64,6409,2025,Kalimantan Timur,Kab Penajam Paser Utara,0.9332,0.0277,0.0217,0.0174,0.0668,0.0391,0.0174,150756.8863,4472.3416,3509.613,2812.1591,161551.0,118,224,127,0.0,0.0143,0.0,0.04,0.05
64,6411,2025,Kalimantan Timur,Kab Mahakam Ulu,0.9848,0.0015,0.0035,0.0102,0.0152,0.0137,0.0102,26602.3707,40.8298,94.4581,275.3414,27013.0,318,472,202,0.0015,0.0187,0.0012,0.01,-0.0
64,6471,2025,Kalimantan Timur,Kota Balikpapan,0.9796,0.0157,0.0003,0.0044,0.0204,0.0047,0.0044,641246.0602,10246.2852,183.811,2892.8436,654569.0,439,455,335,0.0056,0.0205,0.0033,-0.0,-0.0
64,6472,2025,Kalimantan Timur,Kota Samarinda,0.9313,0.0371,0.0141,0.0174,0.0687,0.0316,0.0174,823111.0218,32792.4174,12477.2532,15408.3077,883789.0,154,220,127,0.0169,0.0355,0.008,0.01,0.03
64,6474,2025,Kalimantan Timur,Kota Bontang,0.991,0.0064,0.0025,0.0,0.009,0.0025,0.0,190701.5673,1235.8868,490.5459,0.0,192428.0,470,492,492,0.019,0.0293,0.0187,-0.02,-0.02
65,6501,2025,Kalimantan Utara,Kab Malinau,0.8634,0.0745,0.0567,0.0053,0.1366,0.062,0.0053,81496.126,7035.8745,5354.8523,500.1472,94387.0,57,64,311,0.0274,0.0977,0.0002,0.03,0.04
65,6502,2025,Kalimantan Utara,Kab Bulungan,0.9131,0.048,0.0097,0.0292,0.0869,0.0389,0.0292,124780.7749,6563.5262,1324.5197,3989.1793,136658.0,120,160,54,0.0269,0.0582,0.0208,0.01,0.03
65,6503,2025,Kalimantan Utara,Kab Tana Tidung,0.9355,0.0378,0.0097,0.0169,0.0645,0.0267,0.0169,32596.1175,1318.1448,339.6228,589.1149,34843.0,183,233,130,0.0152,0.0202,0.0082,0.01,0.04
65,6504,2025,Kalimantan Utara,Kab Nunukan,0.9366,0.0465,0.011,0.0059,0.0634,0.0169,0.0059,210087.2742,10418.6425,2475.9161,1316.1673,224298.0,278,239,292,0.0126,0.0448,0.0057,0.0,0.02
65,6571,2025,Kalimantan Utara,Kota Tarakan,0.9366,0.0388,0.0179,0.0067,0.0634,0.0246,0.0067,261114.3378,10815.2903,4989.4751,1862.8968,278782.0,198,239,272,0.048,0.0689,0.0317,-0.02,-0.01
71,7101,2025,Sulawesi Utara,Kab Bolaang Mongondow,0.9619,0.0274,0.0094,0.0013,0.0381,0.0107,0.0013,253564.7799,7224.2767,2483.4833,338.4601,263611.0,366,356,423,0.0317,0.061,0.0081,-0.02,-0.02
71,7102,2025,Sulawesi Utara,Kab Minahasa,0.9203,0.0496,0.0216,0.0084,0.0797,0.03,0.0084,322774.1333,17408.5763,7587.1524,2943.138,350713.0,163,179,229,0.0338,0.069,0.0129,-0.0,0.01
71,7103,2025,Sulawesi Utara,Kab Kepulauan Sangihe,0.899,0.0959,0.005,0.0,0.101,0.005,0.0,119429.5392,12742.9167,667.5441,0.0,132840.0,436,120,492,0.0227,0.0559,0.0105,-0.02,0.05
71,7104,2025,Sulawesi Utara,Kab Kepulauan Talaud,0.9187,0.0408,0.0204,0.0201,0.0813,0.0405,0.0201,87577.7737,3885.9125,1942.7353,1916.5785,95323.0,111,175,104,0.017,0.0208,0.0042,0.02,0.06
71,7105,2025,Sulawesi Utara,Kab Minahasa Selatan,0.9376,0.0468,0.0131,0.0025,0.0624,0.0157,0.0025,200550.8296,10000.091,2810.8628,538.2165,213900.0,288,242,383,0.0375,0.0772,0.0078,-0.02,-0.01
71,7106,2025,Sulawesi Utara,Kab Minahasa Utara,0.909,0.0485,0.0173,0.0252,0.091,0.0425,0.0252,187795.9757,10020.4855,3580.754,5209.7848,206607.0,101,145,66,0.0356,0.0897,0.0205,0.01,0.0
71,7107,2025,Sulawesi Utara,Kab Bolaang Mongondow Utara,0.8669,0.0763,0.0461,0.0108,0.1331,0.0568,0.0108,73144.6696,6434.0215,3886.4317,909.8772,84375.0,68,70,192,0.0461,0.1589,0.0213,0.01,-0.03
71,7108,2025,Sulawesi Utara,Kab Kep Siau Tagulandang Biaro,0.9599,0.0282,0.0118,0.0,0.0401,0.0118,0.0,65079.5333,1913.658,802.8086,0.0,67796.0,346,347,492,0.0028,0.0076,0.0001,0.01,0.03
71,7109,2025,Sulawesi Utara,Kab Minahasa Tenggara,0.8999,0.075,0.0035,0.0216,0.1001,0.0251,0.0216,96811.6817,8069.3909,376.8767,2324.0507,107582.0,193,124,94,0.0108,0.0515,0.0066,0.01,0.05
71,7110,2025,Sulawesi Utara,Kab Bolaang Mongondow Selatan,0.9874,0.0013,0.0,0.0113,0.0126,0.0113,0.0113,69359.2207,92.7982,0.0,792.9811,70245.0,353,484,179,0.1092,0.1788,0.065,-0.1,-0.17
71,7111,2025,Sulawesi Utara,Kab Bolaang Mongondow Timur,0.9268,0.0319,0.0079,0.0334,0.0732,0.0414,0.0334,70262.2986,2416.5851,602.1671,2533.9492,75815.0,104,202,38,0.0741,0.1146,0.0691,-0.03,-0.04
71,7171,2025,Sulawesi Utara,Kota Manado,0.9625,0.029,0.0037,0.0048,0.0375,0.0085,0.0048,418825.4226,12600.6757,1601.9202,2097.9815,435126.0,396,363,322,0.0327,0.1079,0.0113,-0.02,-0.07
71,7172,2025,Sulawesi Utara,Kota Bitung,0.8349,0.0933,0.0251,0.0467,0.1651,0.0718,0.0467,195131.8925,21817.264,5867.0685,10913.775,233730.0,45,46,22,0.0967,0.134,0.0699,-0.02,0.03
71,7173,2025,Sulawesi Utara,Kota Tomohon,0.9208,0.0711,0.008,0.0001,0.0792,0.0081,0.0001,104975.8785,8106.8851,909.332,11.9043,114004.0,402,180,466,0.0349,0.0387,0.0073,-0.03,0.04
71,7174,2025,Sulawesi Utara,Kota Kotamobagu,0.9588,0.0263,0.0091,0.0057,0.0412,0.0148,0.0057,133789.1217,3674.9218,1275.6405,794.3161,139534.0,304,344,301,0.0209,0.0672,0.0022,-0.01,-0.03
72,7201,2025,Sulawesi Tengah,Kab Banggai Kepulauan,0.9194,0.062,0.0114,0.0073,0.0806,0.0187,0.0073,111321.6733,7502.7638,1379.2715,882.2914,121086.0,263,176,257,0.0155,0.0387,0.0099,0.0,0.04
72,7202,2025,Sulawesi Tengah,Kab Banggai,0.8887,0.0631,0.0336,0.0146,0.1113,0.0482,0.0146,359051.2588,25478.5049,13557.969,5916.2674,404004.0,84,94,149,0.0783,0.2136,0.024,-0.03,-0.1
72,7203,2025,Sulawesi Tengah,Kab Morowali,0.977,0.0205,0.0,0.0024,0.023,0.0025,0.0024,128459.513,2694.9113,6.2723,320.3034,131481.0,470,441,387,0.0,0.0049,0.0,0.0,0.02
72,7204,2025,Sulawesi Tengah,Kab Poso,0.9093,0.0448,0.0121,0.0338,0.0907,0.0459,0.0338,257310.1417,12687.6016,3415.7149,9571.5417,282985.0,88,147,37,0.014,0.0646,0.0036,0.03,0.03
72,7205,2025,Sulawesi Tengah,Kab Donggala,0.9395,0.031,0.013,0.0165,0.0605,0.0295,0.0165,294228.7999,9716.5876,4078.6826,5162.9299,313187.0,167,248,135,0.0058,0.0246,0.0,0.02,0.04
72,7206,2025,Sulawesi Tengah,Kab Toli Toli,0.857,0.0689,0.025,0.0491,0.143,0.0741,0.0491,210528.989,16916.8227,6146.2525,12063.9358,245656.0,40,60,17,0.0473,0.0823,0.0169,0.03,0.06
72,7207,2025,Sulawesi Tengah,Kab Buol,0.7576,0.155,0.0529,0.0344,0.2424,0.0873,0.0344,135672.6055,27762.9391,9476.764,6161.6914,179074.0,26,20,35,0.085,0.1652,0.0367,0.0,0.08
72,7208,2025,Sulawesi Tengah,Kab Parigi Moutong,0.8191,0.1082,0.0544,0.0183,0.1809,0.0727,0.0183,435751.5769,57577.5564,28926.2019,9743.6648,531999.0,43,42,119,0.0661,0.1517,0.024,0.01,0.03
72,7209,2025,Sulawesi Tengah,Kab Tojo Una Una,0.8656,0.077,0.0315,0.0259,0.1344,0.0573,0.0259,139169.5982,12387.2582,5056.9939,4157.1497,160771.0,67,68,63,0.0483,0.1001,0.009,0.01,0.03
72,7210,2025,Sulawesi Tengah,Kab Sigi,0.9035,0.0438,0.0213,0.0314,0.0965,0.0527,0.0314,224626.4554,10878.1443,5299.6819,7805.7184,248610.0,72,131,44,0.0319,0.1129,0.009,0.02,-0.02
72,7211,2025,Sulawesi Tengah,Kab Banggai Laut,0.8889,0.0716,0.0173,0.0222,0.1111,0.0396,0.0222,73005.5295,5878.0902,1423.127,1825.2532,82132.0,114,96,87,0.0025,0.0262,0.0023,0.04,0.08
72,7212,2025,Sulawesi Tengah,Kab Morowali Utara,0.9454,0.0377,0.0149,0.002,0.0546,0.0169,0.002,134666.6412,5365.0173,2120.3648,284.9766,142437.0,278,270,400,0.0035,0.0348,0.0025,0.01,0.02
72,7271,2025,Sulawesi Tengah,Kota Palu,0.8888,0.0407,0.0385,0.032,0.1112,0.0705,0.032,371811.7161,17041.0573,16097.2999,13386.9267,418337.0,49,95,43,0.0709,0.0973,0.0281,-0.0,0.01
73,7301,2025,Sulawesi Selatan,Kab Kepulauan Selayar,0.9033,0.0825,0.004,0.0103,0.0967,0.0143,0.0103,125741.6169,11484.4291,555.5506,1428.4034,139210.0,311,129,200,0.0055,0.0422,0.0054,0.01,0.05
73,7302,2025,Sulawesi Selatan,Kab Bulukumba,0.9367,0.0312,0.0223,0.0099,0.0633,0.0322,0.0099,400067.7665,13313.0381,9523.093,4210.1024,427114.0,152,241,205,0.0114,0.02,0.0091,0.02,0.04
73,7303,2025,Sulawesi Selatan,Kab Bantaeng,0.9743,0.0205,0.0022,0.003,0.0257,0.0052,0.003,187021.7733,3932.3762,427.0672,575.7834,191957.0,434,429,369,0.0089,0.0264,0.0089,-0.0,-0.0
73,7304,2025,Sulawesi Selatan,Kab Jeneponto,0.9656,0.0193,0.0024,0.0127,0.0344,0.0151,0.0127,359778.8702,7178.6453,891.4627,4746.0218,372595.0,298,385,164,0.0061,0.0365,0.0043,0.01,-0.0
73,7305,2025,Sulawesi Selatan,Kab Takalar,0.974,0.021,0.0038,0.0012,0.026,0.005,0.0012,296859.8033,6391.8488,1163.8348,360.5131,304776.0,436,427,427,0.011,0.0641,0.0021,-0.01,-0.04
73,7306,2025,Sulawesi Selatan,Kab Gowa,0.935,0.0443,0.0057,0.015,0.065,0.0207,0.015,760699.7124,36044.1306,4631.9945,12191.1625,813567.0,237,229,146,0.0093,0.0146,0.0063,0.01,0.05
73,7307,2025,Sulawesi Selatan,Kab Sinjai,0.9404,0.0238,0.0046,0.0312,0.0596,0.0358,0.0312,234119.3694,5924.2656,1141.456,7762.9091,248948.0,132,252,45,0.0025,0.0271,0.0,0.03,0.03
73,7308,2025,Sulawesi Selatan,Kab Maros,0.9414,0.0442,0.0111,0.0033,0.0586,0.0144,0.0033,345578.4833,16215.8109,4077.2948,1203.411,367075.0,308,259,361,0.0246,0.0529,0.0153,-0.01,0.01
73,7309,2025,Sulawesi Selatan,Kab Pangkajene Dan Kepulauan,0.9546,0.0295,0.0095,0.0064,0.0454,0.0159,0.0064,332249.01,10275.9194,3309.998,2223.0726,348058.0,286,320,282,0.0231,0.0427,0.008,-0.01,0.0
73,7310,2025,Sulawesi Selatan,Kab Barru,0.9532,0.0448,0.0019,0.0,0.0468,0.0019,0.0,168296.3956,7915.9193,341.685,0.0,176554.0,477,307,492,0.0012,0.0169,0.0,0.0,0.03
73,7311,2025,Sulawesi Selatan,Kab Bone,0.9712,0.0171,0.0071,0.0047,0.0288,0.0117,0.0047,741403.8275,13032.2312,5402.6762,3550.2651,763389.0,348,415,326,0.0059,0.0173,0.0046,0.01,0.01
73,7312,2025,Sulawesi Selatan,Kab Soppeng,0.976,0.0232,0.0009,0.0,0.024,0.0009,0.0,225017.3248,5340.1211,202.5541,0.0,230560.0,491,436,492,0.013,0.0356,0.0105,-0.01,-0.01
73,7313,2025,Sulawesi Selatan,Kab Wajo,0.9711,0.0285,0.0,0.0004,0.0289,0.0004,0.0004,400186.3325,11737.213,0.0,180.4545,412104.0,494,413,452,0.0151,0.0621,0.0093,-0.01,-0.03
73,7314,2025,Sulawesi Selatan,Kab Sidenreng Rappang,0.9872,0.0103,0.0003,0.0022,0.0128,0.0025,0.0022,305829.3447,3178.0866,95.7326,688.836,309792.0,470,481,395,0.0049,0.0135,0.0001,-0.0,-0.0
73,7315,2025,Sulawesi Selatan,Kab Pinrang,0.9647,0.0305,0.0025,0.0023,0.0353,0.0048,0.0023,374547.0945,11825.2311,989.5686,889.1058,388251.0,438,378,392,0.0123,0.0468,0.005,-0.01,-0.01
73,7316,2025,Sulawesi Selatan,Kab Enrekang,0.9912,0.0065,0.0021,0.0002,0.0088,0.0023,0.0002,213358.8009,1397.7232,454.7981,38.6777,215250.0,474,493,460,0.0045,0.0091,0.0037,-0.0,-0.0
73,7317,2025,Sulawesi Selatan,Kab Luwu,0.9544,0.0325,0.009,0.0041,0.0456,0.0132,0.0041,363224.4184,12355.9827,3440.0816,1574.5174,380595.0,325,318,342,0.0503,0.1247,0.032,-0.04,-0.08
73,7318,2025,Sulawesi Selatan,Kab Tana Toraja,0.9354,0.0559,0.0086,0.0001,0.0646,0.0087,0.0001,229198.9172,13704.004,2103.6666,18.4121,245025.0,392,231,466,0.0114,0.0384,0.0095,-0.0,0.03
73,7322,2025,Sulawesi Selatan,Kab Luwu Utara,0.9649,0.0258,0.0008,0.0086,0.0351,0.0094,0.0086,314813.4092,8401.6767,257.5629,2803.3512,326276.0,382,380,227,0.0103,0.0434,0.002,-0.0,-0.01
73,7325,2025,Sulawesi Selatan,Kab Luwu Timur,0.9564,0.0337,0.0043,0.0056,0.0436,0.0099,0.0056,306345.1974,10799.2725,1361.8138,1806.7164,320313.0,374,327,304,0.0104,0.0481,0.0077,-0.0,-0.0
73,7326,2025,Sulawesi Selatan,Kab Toraja Utara,0.9677,0.0194,0.0052,0.0077,0.0323,0.0129,0.0077,235668.6717,4716.1082,1262.2541,1880.966,243528.0,329,400,247,0.0074,0.0545,0.0023,0.01,-0.02
73,7371,2025,Sulawesi Selatan,Kota Makassar,0.8933,0.0703,0.0173,0.0191,0.1067,0.0364,0.0191,1443125.9176,113605.2936,27993.0292,30803.7595,1615528.0,127,105,112,0.0296,0.0569,0.0191,0.01,0.05
73,7372,2025,Sulawesi Selatan,Kota Parepare,0.8645,0.1038,0.0172,0.0145,0.1355,0.0317,0.0145,131141.4374,15752.9865,2605.8064,2199.7697,151700.0,153,66,152,0.0245,0.1293,0.0041,0.01,0.01
73,7373,2025,Sulawesi Selatan,Kota Palopo,0.8965,0.0681,0.013,0.0225,0.1035,0.0355,0.0225,178635.5151,13563.1058,2585.4869,4483.8922,199268.0,135,112,86,0.0139,0.0417,0.0035,0.02,0.06
74,7401,2025,Sulawesi Tenggara,Kab Buton,0.8976,0.068,0.0094,0.025,0.1024,0.0344,0.025,92586.3884,7017.8575,965.4215,2583.3327,103153.0,139,117,68,0.0062,0.0385,0.0026,0.03,0.06
74,7402,2025,Sulawesi Tenggara,Kab Muna,0.9534,0.0345,0.0024,0.0097,0.0466,0.0121,0.0097,221528.4157,8017.2372,552.4515,2261.8956,232360.0,338,309,211,0.0131,0.0576,0.0048,-0.0,-0.01
74,7403,2025,Sulawesi Tenggara,Kab Konawe,0.9803,0.0125,0.0034,0.0038,0.0197,0.0072,0.0038,253505.7252,3227.526,878.1715,995.5773,258607.0,408,457,350,0.0348,0.0723,0.0,-0.03,-0.05
74,7404,2025,Sulawesi Tenggara,Kab Kolaka,0.9941,0.0034,0.0017,0.0007,0.0059,0.0024,0.0007,287444.269,992.1954,503.5601,201.9755,289142.0,473,499,445,0.0049,0.027,0.0036,-0.0,-0.02
74,7405,2025,Sulawesi Tenggara,Kab Konawe Selatan,0.955,0.0409,0.0041,0.0,0.045,0.0041,0.0,319596.3813,13686.7789,1384.8398,0.0,334668.0,445,321,492,0.0063,0.041,0.0045,-0.0,0.0
74,7406,2025,Sulawesi Tenggara,Kab Bombana,0.9949,0.0029,0.0012,0.001,0.0051,0.0022,0.001,197683.1271,575.5349,236.9237,204.4142,198700.0,475,501,432,0.0,0.0231,0.0,0.0,-0.02
74,7407,2025,Sulawesi Tenggara,Kab Wakatobi,0.9955,0.0029,0.0005,0.001,0.0045,0.0015,0.001,103884.2986,306.8346,56.6221,102.2447,104350.0,483,502,432,0.0161,0.0212,0.0003,-0.01,-0.02
74,7408,2025,Sulawesi Tenggara,Kab Kolaka Utara,0.99,0.003,0.0037,0.0033,0.01,0.007,0.0033,164251.0519,497.6323,618.4893,539.8265,165907.0,413,490,361,0.0025,0.0105,0.0025,0.0,-0.0
74,7409,2025,Sulawesi Tenggara,Kab Buton Utara,0.9267,0.0519,0.0026,0.0189,0.0733,0.0214,0.0189,60876.2934,3409.5355,167.6373,1240.5338,65694.0,229,201,114,0.0056,0.0297,0.0,0.02,0.04
74,7410,2025,Sulawesi Tenggara,Kab Konawe Utara,0.9237,0.0634,0.0047,0.0082,0.0763,0.0129,0.0082,63642.0762,4367.6763,321.2578,567.9897,68899.0,329,190,236,0.0178,0.0608,0.0091,-0.0,0.02
74,7411,2025,Sulawesi Tenggara,Kab Kolaka Timur,0.9744,0.0228,0.0028,0.0,0.0256,0.0028,0.0,147139.9441,3443.0778,426.9781,0.0,151010.0,464,430,492,0.0028,0.0411,0.0009,0.0,-0.02
74,7412,2025,Sulawesi Tenggara,Kab Konawe Kepulauan,0.9634,0.0346,0.0018,0.0002,0.0366,0.0019,0.0002,33465.5512,1203.0387,61.4841,5.926,34736.0,477,370,460,0.0359,0.0524,0.0197,-0.03,-0.02
74,7413,2025,Sulawesi Tenggara,Kab Muna Barat,0.9229,0.0436,0.0301,0.0034,0.0771,0.0335,0.0034,78924.2122,3725.9119,2572.4309,293.445,85516.0,145,187,358,0.0067,0.0257,0.0008,0.03,0.05
74,7414,2025,Sulawesi Tenggara,Kab Buton Tengah,0.9236,0.0551,0.0197,0.0016,0.0764,0.0213,0.0016,86883.8333,5185.7965,1851.7926,149.5775,94071.0,230,189,413,0.0195,0.0533,0.0121,0.0,0.02
74,7415,2025,Sulawesi Tenggara,Kab Buton Selatan,0.8554,0.1107,0.0173,0.0166,0.1446,0.0339,0.0166,68976.412,8930.2824,1393.5342,1336.7714,80637.0,143,58,133,0.0294,0.0701,0.0207,0.0,0.07
74,7471,2025,Sulawesi Tenggara,Kota Kendari,0.9439,0.0363,0.018,0.0018,0.0561,0.0198,0.0018,414854.2181,15942.2647,7929.4841,773.0331,439499.0,249,266,404,0.0149,0.0451,0.009,0.0,0.01
74,7472,2025,Sulawesi Tenggara,Kota Bau Bau,0.9317,0.0573,0.0055,0.0055,0.0683,0.011,0.0055,169234.8684,10409.2729,1005.5888,998.2699,181648.0,358,221,307,0.0223,0.0666,0.0178,-0.01,0.0
75,7501,2025,Gorontalo,Kab Boalemo,0.9411,0.0339,0.0214,0.0036,0.0589,0.025,0.0036,169082.8912,6090.5085,3847.2111,643.3892,179664.0,195,257,353,0.0229,0.0565,0.0082,0.0,0.0
75,7502,2025,Gorontalo,Kab Gorontalo,0.9922,0.001,0.0,0.0068,0.0078,0.0068,0.0068,374104.8852,387.4731,0.0,2566.6417,377059.0,417,496,269,0.0164,0.0386,0.0069,-0.01,-0.03
75,7503,2025,Gorontalo,Kab Pohuwato,0.9295,0.0568,0.0053,0.0084,0.0705,0.0137,0.0084,159211.2592,9735.879,902.7567,1440.1052,171290.0,318,215,229,0.0075,0.0489,0.0005,0.01,0.02
75,7504,2025,Gorontalo,Kab Bone Bolango,0.7701,0.092,0.0687,0.0692,0.2299,0.1379,0.0692,123557.1171,14767.8769,11021.0351,11096.9709,160443.0,7,23,6,0.0278,0.08,0.0127,0.11,0.15
75,7505,2025,Gorontalo,Kab Gorontalo Utara,0.9133,0.0767,0.0054,0.0046,0.0867,0.01,0.0046,102886.9015,8640.8136,602.9035,519.3814,112650.0,371,162,330,0.0245,0.1124,0.0003,-0.01,-0.03
75,7571,2025,Gorontalo,Kota Gorontalo,0.9337,0.0494,0.0164,0.0004,0.0663,0.0168,0.0004,213279.0407,11293.73,3751.1878,89.0414,228413.0,281,226,452,0.0398,0.1084,0.0161,-0.02,-0.04
76,7601,2025,Sulawesi Barat,Kab Majene,0.8728,0.1093,0.0093,0.0086,0.1272,0.0179,0.0086,157385.46,19714.6254,1681.3328,1544.5817,180326.0,268,76,227,0.0216,0.1205,0.0,-0.0,0.01
76,7602,2025,Sulawesi Barat,Kab Polewali Mandar,0.9821,0.0175,0.0001,0.0003,0.0179,0.0004,0.0003,443506.3783,7885.6364,29.6303,153.3551,451575.0,494,465,456,0.0106,0.0189,0.0016,-0.01,-0.0
76,7603,2025,Sulawesi Barat,Kab Mamasa,0.9324,0.0418,0.0195,0.0062,0.0676,0.0257,0.0062,156136.6572,7007.406,3260.8284,1044.1084,167449.0,187,222,284,0.0027,0.0228,0.001,0.02,0.04
76,7604,2025,Sulawesi Barat,Kab Mamuju,0.8791,0.0671,0.0093,0.0445,0.1209,0.0538,0.0445,282886.436,21598.1078,2989.3798,14323.0764,321797.0,71,85,24,0.0057,0.0583,0.0034,0.05,0.06
76,7605,2025,Sulawesi Barat,Kab Pasangkayu,0.9229,0.0338,0.0273,0.0159,0.0771,0.0433,0.0159,179521.9785,6583.2287,5319.1833,3099.6094,194524.0,99,187,140,0.0458,0.0955,0.0293,-0.0,-0.02
76,7606,2025,Sulawesi Barat,Kab Mamuju Tengah,0.9364,0.0397,0.005,0.0188,0.0636,0.0238,0.0188,137698.1604,5841.3915,742.4194,2761.0287,147043.0,204,237,116,0.0151,0.0467,0.0024,0.01,0.02
81,8101,2025,Maluku,Kab Kepulauan Tanimbar,0.7898,0.0955,0.0772,0.0376,0.2102,0.1148,0.0376,89366.0927,10805.2173,8731.0884,4254.6017,113157.0,11,26,30,0.0565,0.1745,0.018,0.06,0.04
81,8102,2025,Maluku,Kab Maluku Tenggara,0.7184,0.1228,0.1095,0.0494,0.2816,0.1589,0.0494,72742.661,12434.4255,11085.0089,5000.9046,101263.0,6,12,15,0.0871,0.2987,0.0347,0.07,-0.02
81,8103,2025,Maluku,Kab Maluku Tengah,0.8568,0.101,0.0192,0.023,0.1432,0.0421,0.023,323235.0911,38105.3733,7231.1802,8668.3554,377240.0,103,59,81,0.0398,0.1274,0.0141,0.0,0.02
81,8104,2025,Maluku,Kab Buru,0.9115,0.0654,0.0061,0.0171,0.0885,0.0232,0.0171,144465.5857,10360.4391,965.9779,2704.9973,158497.0,212,156,129,0.012,0.0847,0.0112,0.01,0.0
81,8105,2025,Maluku,Kab Kepulauan Aru,0.7352,0.1748,0.0416,0.0485,0.2648,0.09,0.0485,70794.3461,16835.0566,4001.3242,4667.2731,96298.0,24,15,18,0.0728,0.2306,0.0257,0.02,0.03
81,8106,2025,Maluku,Kab Seram Bagian Barat,0.743,0.1991,0.0388,0.0192,0.257,0.0579,0.0192,129252.9437,34627.313,6744.0665,3332.6768,173957.0,65,16,110,0.0613,0.2988,0.0457,-0.0,-0.04
81,8107,2025,Maluku,Kab Seram Bagian Timur,0.871,0.0606,0.0158,0.0526,0.129,0.0684,0.0526,101367.6239,7058.4402,1836.8477,6118.0883,116381.0,52,74,12,0.0809,0.3877,0.0151,-0.01,-0.26
81,8108,2025,Maluku,Kab Maluku Barat Daya,0.906,0.0741,0.0069,0.013,0.094,0.0199,0.013,66928.1777,5474.7529,510.0356,957.0337,73870.0,246,138,162,0.0727,0.2034,0.0171,-0.05,-0.11
81,8109,2025,Maluku,Kab Buru Selatan,0.7169,0.2347,0.0323,0.0161,0.2831,0.0484,0.0161,46514.7964,15229.825,2095.0986,1043.28,64883.0,83,11,138,0.0551,0.2009,0.0009,-0.01,0.08
81,8171,2025,Maluku,Kota Ambon,0.8928,0.0549,0.0454,0.0069,0.1072,0.0523,0.0069,458180.449,28173.2636,23318.3886,3527.8988,513200.0,74,103,265,0.0911,0.1611,0.0498,-0.04,-0.05
81,8172,2025,Maluku,Kota Tual,0.9198,0.0498,0.0116,0.0188,0.0802,0.0304,0.0188,75588.465,4095.1115,954.3289,1544.0946,82182.0,160,178,116,0.0348,0.062,0.0183,-0.0,0.02
82,8201,2025,Maluku Utara,Kab Halmahera Barat,0.9008,0.0704,0.0287,0.0001,0.0992,0.0288,0.0001,110483.4426,8636.0586,3519.5976,13.9012,122653.0,173,126,466,0.1325,0.2602,0.0241,-0.1,-0.16
82,8202,2025,Maluku Utara,Kab Halmahera Tengah,0.9466,0.0247,0.0129,0.0158,0.0534,0.0287,0.0158,57935.2946,1513.95,789.1195,967.6359,61206.0,174,276,142,0.0226,0.0569,0.0186,0.01,-0.0
82,8203,2025,Maluku Utara,Kab Kepulauan Sula,0.9247,0.0501,0.0171,0.008,0.0753,0.0252,0.008,97357.4969,5275.3153,1804.3584,846.8294,105284.0,191,193,243,0.0378,0.1536,0.0141,-0.01,-0.08
82,8204,2025,Maluku Utara,Kab Halmahera Selatan,0.7939,0.1187,0.0575,0.0298,0.2061,0.0873,0.0298,194540.7621,29094.4246,14083.9245,7311.8889,245031.0,26,27,50,0.1016,0.2451,0.0493,-0.01,-0.04
82,8205,2025,Maluku Utara,Kab Halmahera Utara,0.8845,0.0746,0.0298,0.0111,0.1155,0.0409,0.0111,179685.2091,15155.1727,6055.1316,2249.4867,203145.0,109,89,185,0.097,0.2128,0.0602,-0.06,-0.1
82,8206,2025,Maluku Utara,Kab Halmahera Timur,0.9907,0.0049,0.0005,0.0039,0.0093,0.0044,0.0039,103929.948,517.6786,54.7841,404.5893,104907.0,442,491,347,0.0212,0.0575,0.0051,-0.02,-0.05
82,8207,2025,Maluku Utara,Kab Pulau Morotai,0.847,0.0864,0.0461,0.0205,0.153,0.0666,0.0205,62088.8697,6331.8789,3376.9571,1504.2943,73302.0,53,54,100,0.1642,0.284,0.0626,-0.1,-0.13
82,8208,2025,Maluku Utara,Kab Pulau Taliabu,0.8947,0.086,0.0188,0.0005,0.1053,0.0193,0.0005,50137.034,4817.369,1055.8579,26.7391,56037.0,254,111,449,0.0682,0.1967,0.0199,-0.05,-0.09
82,8271,2025,Maluku Utara,Kota Ternate,0.9703,0.0076,0.0207,0.0014,0.0297,0.0221,0.0014,247030.1108,1924.2344,5269.0273,362.6275,254586.0,225,411,420,0.0376,0.0686,0.0156,-0.02,-0.04
82,8272,2025,Maluku Utara,Kota Tidore Kepulauan,0.9541,0.0226,0.0179,0.0055,0.0459,0.0234,0.0055,98178.1196,2320.8041,1837.6954,567.3809,102904.0,207,315,307,0.0206,0.0278,0.0115,0.0,0.02
91,9101,2025,Papua Barat,Kab Fak Fak,0.8973,0.031,0.0156,0.0561,0.1027,0.0717,0.0561,76981.5453,2656.533,1341.4764,4812.4453,85792.0,47,115,10,0.0244,0.0609,0.013,0.05,0.04
91,9102,2025,Papua Barat,Kab Kaimana,0.7515,0.1317,0.0217,0.0951,0.2485,0.1168,0.0951,53788.3569,9425.0924,1554.2974,6807.2533,71575.0,10,19,3,0.1077,0.2067,0.0683,0.01,0.04
91,9103,2025,Papua Barat,Kab Teluk Wondama,0.8634,0.0648,0.0431,0.0287,0.1366,0.0717,0.0287,31823.8411,2388.6833,1587.8952,1056.5804,36857.0,47,64,56,0.0445,0.0759,0.0292,0.03,0.06
91,9104,2025,Papua Barat,Kab Teluk Bintuni,0.8427,0.0924,0.0341,0.0307,0.1573,0.0649,0.0307,61461.236,6742.0185,2490.2678,2241.4777,72935.0,56,50,47,0.0542,0.1867,0.0266,0.01,-0.03
91,9105,2025,Papua Barat,Kab Manokwari,0.8521,0.0541,0.0345,0.0594,0.1479,0.0939,0.0594,155534.6831,9871.592,6289.305,10842.4198,182538.0,21,56,8,0.0498,0.0907,0.0384,0.04,0.06
91,9111,2025,Papua Barat,Kab Manokwari Selatan,0.9722,0.0143,0.0076,0.0059,0.0278,0.0135,0.0059,28397.019,418.4749,222.4363,171.0698,29209.0,321,420,292,0.0198,0.0322,0.0138,-0.01,-0.0
91,9112,2025,Papua Barat,Kab Pegunungan Arfak,0.8464,0.0276,0.0783,0.0478,0.1536,0.1261,0.0478,32507.4384,1058.9143,3006.0502,1835.5971,38408.0,8,52,19,0.0516,0.1234,0.0109,0.07,0.03
92,9201,2025,Papua Barat Daya,Kab Raja Ampat,0.9092,0.0568,0.0146,0.0194,0.0908,0.034,0.0194,47168.0192,2947.3545,755.8235,1005.8028,51877.0,142,146,109,0.063,0.1779,0.0364,-0.03,-0.09
92,9202,2025,Papua Barat Daya,Kab Sorong,0.8922,0.032,0.049,0.0268,0.1078,0.0758,0.0268,91019.2914,3268.0346,4997.9029,2730.7711,102016.0,39,101,60,0.0458,0.1045,0.0213,0.03,0.0
92,9203,2025,Papua Barat Daya,Kab Sorong Selatan,0.8043,0.1054,0.0639,0.0265,0.1957,0.0904,0.0265,43226.0251,5662.5947,3433.8957,1422.4844,53745.0,23,36,62,0.1379,0.2317,0.0672,-0.05,-0.04
92,9204,2025,Papua Barat Daya,Kab Maybrat,0.9621,0.0341,0.0025,0.0013,0.0379,0.0037,0.0013,44877.405,1591.5512,115.6369,58.407,46643.0,451,359,423,0.0237,0.0745,0.0046,-0.02,-0.04
92,9205,2025,Papua Barat Daya,Kab Tambrauw,0.8782,0.0343,0.0708,0.0167,0.1218,0.0875,0.0167,15045.5427,587.1899,1212.8223,286.4452,17132.0,25,84,132,0.0358,0.0814,0.0262,0.05,0.04
92,9271,2025,Papua Barat Daya,Kota Sorong,0.8275,0.0738,0.0354,0.0633,0.1725,0.0988,0.0633,252867.154,22546.972,10822.6183,19358.2557,305595.0,18,44,7,0.08,0.1357,0.046,0.02,0.04
94,9403,2025,Papua,Kab Jayapura,0.9254,0.031,0.0186,0.0251,0.0746,0.0437,0.0251,122042.2984,4085.0867,2454.3717,3304.2432,131886.0,98,198,67,0.069,0.1273,0.0574,-0.03,-0.05
94,9408,2025,Papua,Kab Kepulauan Yapen,0.9066,0.0278,0.0388,0.0268,0.0934,0.0656,0.0268,92924.0583,2851.141,3974.5916,2745.2092,102495.0,55,140,60,0.1091,0.2001,0.025,-0.04,-0.11
94,9409,2025,Papua,Kab Biak Numfor,0.8165,0.1018,0.0701,0.0116,0.1835,0.0817,0.0116,126084.9288,15721.8256,10831.3188,1790.9268,154429.0,34,40,175,0.0909,0.1834,0.0363,-0.01,0.0
94,9419,2025,Papua,Kab Sarmi,0.9506,0.0273,0.0022,0.0198,0.0494,0.022,0.0198,40161.7019,1155.4213,94.2286,835.6482,42247.0,226,293,107,0.0382,0.0507,0.0318,-0.02,-0.0
94,9420,2025,Papua,Kab Keerom,0.8996,0.018,0.0684,0.014,0.1004,0.0824,0.014,54626.2387,1096.0732,4156.2713,847.4169,60726.0,33,123,157,0.0228,0.0683,0.001,0.06,0.03
94,9426,2025,Papua,Kab Waropen,0.8845,0.1041,0.0114,0.0,0.1155,0.0114,0.0,31070.0105,3655.1908,401.7987,0.0,35127.0,352,89,492,0.0211,0.1598,0.0178,-0.01,-0.04
94,9427,2025,Papua,Kab Supiori,0.6918,0.1259,0.0909,0.0914,0.3082,0.1823,0.0914,15394.9485,2802.5806,2023.9622,2033.5087,22255.0,3,9,4,0.1304,0.2013,0.0576,0.05,0.11
94,9428,2025,Papua,Kab Mamberamo Raya,0.782,0.2168,0.0004,0.0008,0.218,0.0011,0.0008,20761.6176,5757.1131,10.0898,20.1795,26549.0,488,25,441,0.0043,0.0137,0.0043,-0.0,0.2
94,9471,2025,Papua,Kota Jayapura,0.8032,0.1275,0.0367,0.0325,0.1968,0.0692,0.0325,255864.2098,40631.4726,11695.7666,10362.551,318554.0,51,35,42,0.0846,0.1541,0.0442,-0.02,0.04
95,9501,2025,Papua Selatan,Kab Merauke,0.8974,0.0576,0.0085,0.0365,0.1026,0.0449,0.0365,220017.1336,14127.0442,2072.5167,8944.3054,245161.0,90,116,32,0.0563,0.1181,0.0385,-0.01,-0.02
95,9502,2025,Papua Selatan,Kab Boven Digoel,0.6586,0.1411,0.0558,0.1445,0.3414,0.2003,0.1445,48763.6162,10450.1607,4128.781,10702.442,74045.0,2,5,2,0.211,0.3488,0.1728,-0.01,-0.01
95,9503,2025,Papua Selatan,Kab Mappi,0.8465,0.0531,0.047,0.0534,0.1535,0.1004,0.0534,90687.898,5688.2747,5037.6096,5719.2177,107133.0,16,53,11,0.2095,0.3642,0.1783,-0.11,-0.21
95,9504,2025,Papua Selatan,Kab Asmat,0.8652,0.063,0.0311,0.0407,0.1348,0.0718,0.0407,94365.6325,6870.4666,3390.5904,4438.3104,109065.0,45,67,28,0.2492,0.3301,0.1391,-0.18,-0.2
96,9601,2025,Papua Tengah,Kab Mimika,0.9731,0.0234,0.0035,0.0,0.0269,0.0035,0.0,222446.9432,5349.6651,803.3917,0.0,228600.0,455,421,492,0.0379,0.0599,0.0289,-0.03,-0.03
96,9602,2025,Papua Tengah,Kab Dogiyai,0.9597,0.0378,0.0009,0.0016,0.0403,0.0025,0.0016,97987.1875,3859.6008,89.6803,161.5313,102098.0,470,346,413,0.0873,0.1396,0.0024,-0.08,-0.1
96,9603,2025,Papua Tengah,Kab Deiyai,0.9479,0.0508,0.0,0.0013,0.0521,0.0013,0.0013,75834.618,4067.1212,0.0,100.2608,80002.0,487,282,423,0.0492,0.0576,0.0339,-0.05,-0.01
96,9604,2025,Papua Tengah,Kab Nabire,0.9962,0.0035,0.0003,0.0,0.0038,0.0003,0.0,150319.8146,525.323,40.8624,0.0,150886.0,496,504,492,0.0167,0.0401,0.0089,-0.02,-0.04
96,9605,2025,Papua Tengah,Kab Paniai,0.867,0.0569,0.0331,0.0431,0.133,0.0762,0.0431,151032.0429,9908.6436,5758.2434,7511.07,174210.0,37,71,26,0.0205,0.0848,0.0003,0.06,0.05
96,9606,2025,Papua Tengah,Kab Intan Jaya,0.8756,0.0797,0.0206,0.024,0.1244,0.0447,0.024,47728.5709,4347.1551,1123.6552,1310.6189,54510.0,92,82,73,0.0648,0.1244,0.049,-0.02,0.0
96,9607,2025,Papua Tengah,Kab Puncak,0.999,0.001,0.0,0.0,0.001,0.0,0.0,117773.4893,117.5107,0.0,0.0,117891.0,507,507,492,0.0,0.0,0.0,0.0,0.0
96,9608,2025,Papua Tengah,Kab Puncak Jaya,0.8909,0.084,0.0154,0.0097,0.1091,0.0251,0.0097,122731.7153,11571.1616,2127.9085,1330.2147,137761.0,193,99,211,0.0246,0.0315,0.0246,0.0,0.08
97,9701,2025,Papua Pegunungan,Kab Nduga,1.0,0.0,0.0,0.0,0.0,0.0,0.0,122473.0,0.0,0.0,0.0,122473.0,507,511,492,0.0,0.0018,0.0,0.0,-0.0
97,9702,2025,Papua Pegunungan,Kab Jayawijaya,0.9581,0.023,0.0188,0.0,0.0419,0.0188,0.0,203044.8933,4880.8741,3991.2327,0.0,211917.0,261,337,492,0.0151,0.0151,0.0026,0.0,0.03
97,9703,2025,Papua Pegunungan,Kab Lanny Jaya,1.0,0.0,0.0,0.0,0.0,0.0,0.0,215343.0,0.0,0.0,0.0,215343.0,507,511,492,0.0,0.0,0.0,0.0,0.0
97,9704,2025,Papua Pegunungan,Kab Tolikara,0.8273,0.111,0.0308,0.0309,0.1727,0.0618,0.0309,131254.8243,17607.5519,4894.2421,4905.3817,158662.0,59,43,46,0.2251,0.3173,0.1451,-0.16,-0.14
97,9705,2025,Papua Pegunungan,Kab Mamberamo Tengah,1.0,0.0,0.0,0.0,0.0,0.0,0.0,58419.0,0.0,0.0,0.0,58419.0,507,511,492,0.0,0.0004,0.0,0.0,-0.0
97,9706,2025,Papua Pegunungan,Kab Yalimo,1.0,0.0,0.0,0.0,0.0,0.0,0.0,72729.0,0.0,0.0,0.0,72729.0,507,511,492,0.0499,0.0618,0.0499,-0.05,-0.06
97,9707,2025,Papua Pegunungan,Kab Yahukimo,0.98,0.0114,0.0055,0.0031,0.02,0.0086,0.0031,199823.5097,2320.0843,1130.0905,625.3156,203899.0,394,456,366,0.059,0.075,0.0332,-0.05,-0.05
97,9708,2025,Papua Pegunungan,Kab Pegunungan Bintang,0.3724,0.0772,0.1275,0.4229,0.6276,0.5503,0.4229,29661.5688,6151.4761,10153.3518,33679.6032,79646.0,1,1,1,0.4254,0.5485,0.3949,0.12,0.08
